page_number,sentence_chunk,chunk_char_count,chunk_word_count,chunk_token_count,embedding
-4,"TiivistelmäNyky-yhteiskunnassa kerätään ja tallennetaan tietoa ennennäkemättömin määrin. Tämä tarjoaa merkittäviä mahdollisuuksia koneoppimiselle (Machine Learning) ja tekoälylle (Ar- tificial Intelligence). Koneoppimisen sovellukset ulottuvat lähes kaikialle, terveydenhuolto ja lääketiede mukaan lukien. Neuroverkkojen ja syväoppimismallien kehittyminen on mah- dollistanut monimutkaisten ja laajojen tietomassojen analysoinnin. Lääkärit hyödyntävät usein diagnosoinnin tukena useita tietolähteitä kuten kuvia, mittaustuloksia, ja oireita. Diagnoisointiin tai taudin luokan tunnistamiseen kuuluu siten usein monien eri lähteiden datan arvioimista yhtenäisenä kokonaisuutena. Radiologiassa syväoppimista on käytetty esimerkiksi kuvien segmentointiin ja poikkeavuuksien tunnistamiseen (Lee et al., 2017). Lupaavista tuloksista huolimatta tekoälyyn pohjautuvien järjestelmien käyttö terveyden- huollossa on vielä olematonta. Tämän tutkielman tarkoituksena on selvittää ja tutkia miten useita modaliteettäjä hyö- dynnytään diagnosinnin tukena, mihin ne pohjautuvat sekä mitä ongelmia niiden käyttöön liittyy.",1106,117,276.5,"[-6.37506172e-02 -1.82196051e-02 -1.19636990e-01 -7.57422000e-02
 -6.99860379e-02 -1.31056579e-02 -7.35346526e-02  5.68360090e-02
  8.18037018e-02  7.55166784e-02  4.02694196e-02  1.15324587e-01
  5.95307611e-02  4.98440042e-02 -8.97699371e-02 -7.96983913e-02
 -2.86375768e-02 -4.53628302e-02 -1.52923688e-02 -3.73974182e-02
 -7.68311247e-02 -2.49746479e-02  1.10791877e-01 -2.58684903e-02
 -7.36543238e-02  2.52252631e-02 -3.30030471e-02 -8.92078578e-02
 -3.34843658e-02 -1.84762001e-01  6.19333461e-02  8.95858929e-03
  1.86953932e-01  4.67322879e-02 -1.81175023e-01  1.21779129e-01
  6.82141073e-03  1.45166710e-01  3.47851031e-02  3.97420041e-02
 -7.10885897e-02 -5.78504354e-02  7.16922134e-02  6.50697127e-02
  4.65291478e-02  1.65309422e-02 -1.93005949e-01 -3.46383848e-03
 -1.32882431e-01 -1.27209574e-01 -1.11972198e-01 -1.17232919e-01
 -1.00253094e-02  5.17617539e-02  1.18831031e-01 -7.36226290e-02
  8.65632296e-02 -8.89493674e-02 -1.34343863e-01  1.40823036e-01
  8.62682909e-02  2.03838237e-02  6.33986443e-02  1.14228509e-01
  1.32105380e-01  3.86501849e-02  1.26296103e-01  4.96689528e-02
  3.81473228e-02 -8.51916894e-03  2.78518489e-03 -2.14210879e-02
 -4.76916023e-02  5.29517829e-02  7.98221007e-02  8.31728727e-02
 -7.51970634e-02 -1.00361310e-01  2.07443953e-01  8.57828651e-03
  2.70653546e-01  1.47276640e-01  1.43086314e-01  8.95451009e-02
 -3.34176756e-02  7.94332474e-02  5.87284239e-03 -7.90494531e-02
 -3.97621095e-02 -1.22638203e-01 -5.22612780e-03  2.44707838e-02
 -4.10426706e-02 -1.09139569e-01  1.68144237e-02  3.78673449e-02
 -2.33926233e-02 -1.73286930e-01  2.04090830e-02  1.88065469e-01
 -1.61024183e-01 -5.49929682e-05 -2.46111229e-02 -2.05670908e-01
  1.29655525e-01 -6.14799298e-02  3.47849876e-02 -2.27805376e-01
  1.48256011e-02  1.64045710e-02 -1.13504454e-02  1.46971736e-02
 -3.64901423e-02  1.01888612e-01  1.10065296e-01 -3.94709110e-02
 -1.53726544e-02  5.06173596e-02 -9.16847214e-03  1.33958831e-01
 -1.20089613e-01 -8.33976865e-02  9.10475776e-02 -6.22417890e-02
  2.58137256e-01  5.08360788e-02 -1.68717995e-01  1.01239249e-01
  4.72492203e-02 -1.40779242e-01  1.95095509e-01 -1.54738314e-03
 -7.37529621e-02  8.19040015e-02  1.48282349e-01 -1.39663160e-01
  9.76004228e-02 -4.52999957e-02 -1.22477420e-01  2.36770421e-01
  6.13249615e-02  2.29656518e-01  2.42223978e-01  5.10870554e-02
 -1.02589406e-01  2.02942312e-01  3.15239355e-02 -9.95179042e-02
  1.48840278e-01 -1.39209628e-01  1.90888524e-01 -1.19413190e-01
  1.92693889e-01 -1.01817027e-03 -6.25782600e-03  4.56678458e-02
  1.73749164e-01 -2.33332999e-02 -1.70735434e-01  1.35528035e-02
 -1.52413070e-01  1.46233356e-02  2.39579882e-02  4.34575602e-02
  3.86617566e-03 -6.02496006e-02  7.59889483e-02 -1.54149413e-01
  9.37054902e-02  5.54108247e-02  9.13963094e-02 -1.46140516e-01
 -7.73378238e-02  4.01410609e-02  4.75617386e-02 -1.22257270e-01
 -2.36682132e-01 -4.14564349e-02  4.97466065e-02 -1.62356243e-01
  9.74634737e-02 -1.71926036e-01  1.56303898e-01  5.79471178e-02
 -1.85233876e-02 -3.20652165e-02 -1.54395811e-02  8.18034783e-02
 -1.33078083e-01  1.48414284e-01 -8.56839120e-02  1.94786996e-01
  1.93894714e-01 -6.03887960e-02 -5.73463030e-02 -1.31308421e-01
  1.77104592e-01  1.79867297e-02 -1.32504985e-01 -5.75887561e-02
 -3.15432578e-01 -4.06308174e-02 -1.88081980e-01 -1.33309573e-01
 -1.02268457e-01 -1.68123454e-01  6.60035238e-02  5.66046685e-04
  2.23522000e-02  1.11844867e-01 -9.39481556e-02  1.95923358e-01
 -2.70883814e-02  1.18584558e-02 -4.94807325e-02 -3.01080523e-03
 -2.38870040e-01  5.26179112e-02 -2.81696022e-02  4.36883569e-02
 -4.05725688e-02 -2.36004535e-02 -7.43128061e-02 -1.27898321e-01
 -3.25494319e-01 -9.33956057e-02 -1.22200616e-01  1.00370929e-01
  5.72547093e-02  1.52308736e-02 -1.09043561e-01 -6.58995807e-02
  2.57643890e-02  9.04452801e-02 -1.47541463e-01 -4.86209691e-02
  1.20999008e-01  4.12561297e-02  3.53361517e-02 -1.81737319e-02
 -8.76730084e-02 -4.60840017e-02  3.08865379e-03  3.69630419e-02
  1.07910611e-01  1.30237341e-01 -1.40642017e-01 -1.01001866e-01
  4.87977080e-02  1.68037519e-01 -1.31450802e-01 -1.85120121e-01
 -2.22851522e-02 -1.31253794e-01  1.61223020e-02 -7.16444999e-02
 -2.80389152e-02  7.47312000e-03  2.32028728e-03  1.66896448e-01
  1.49216756e-01 -1.36178344e-01  8.05793516e-03 -1.05604194e-02
  2.40933849e-03  3.15475985e-02 -1.35452166e-01  2.86416430e-02
  3.13975066e-02  9.51526612e-02 -1.78436235e-01  9.92321372e-02
  9.99367759e-02 -2.35775933e-02  9.65338200e-02 -4.49438095e-02
 -4.44091670e-02 -1.49178013e-01 -4.13795002e-02  3.33300829e-02
 -4.72281426e-02 -7.93052837e-02  1.73225738e-02  5.31290397e-02
 -6.10423647e-03 -1.89508632e-01 -4.91156802e-02  9.36199129e-02
 -9.62356105e-02  8.47371146e-02  8.76137763e-02  1.22782290e-01
 -2.90248413e-02  5.50959967e-02  1.44318298e-01 -2.90520377e-02
  8.58225524e-02 -3.03475875e-02 -7.15750977e-02  1.39144897e-01
 -1.04259580e-01 -1.71754248e-02 -8.19403119e-03 -3.45972776e-02
  1.22347891e-01 -1.35877892e-01  1.37274951e-01  4.87843342e-02
 -4.59394865e-02  8.73449743e-02 -8.73656664e-03 -1.60598457e-01
 -3.35719623e-02 -3.78998704e-02 -5.57134226e-02 -1.46052301e-01
 -2.40065724e-01  5.84064089e-02  6.38397262e-02 -1.79859877e-01
  6.74482360e-02  1.04649588e-01  1.35947302e-01  7.64805302e-02
 -5.09331226e-02 -9.76626873e-02 -3.51116434e-02  1.40716642e-01
 -6.87093008e-03  1.27450339e-02 -8.41401741e-02  1.11909553e-01
 -1.38847837e-02  6.57090470e-02  2.37787694e-01  1.45551920e-01
  7.43825287e-02  1.58991039e-01  1.11967064e-02 -2.42807660e-02
  2.06201643e-01  1.12827405e-01 -1.32844910e-01  1.05608609e-02
  5.19916648e-04  1.29215769e-03  8.47073197e-02  1.60535842e-01
 -1.31570607e-01 -3.92508367e-03  2.71667913e-03 -9.29764435e-02
  3.01195588e-03  1.65361203e-02  1.40682742e-01  2.16554552e-02
 -1.18487068e-01 -1.15723256e-02 -6.57639280e-02 -1.68746516e-01
 -1.04386576e-01 -5.45879602e-02 -7.60673778e-04  9.18031409e-02
  1.07443128e-02  6.30563721e-02 -9.20578092e-02 -8.83941427e-02
 -2.04221420e-02 -4.48649265e-02 -3.75806168e-02 -3.27501968e-02
  7.02881888e-02  2.31044497e-02  8.69481266e-02  2.05223113e-01
  2.25604922e-02 -1.60958078e-02 -2.11532861e-02  8.32176208e-02
 -1.01824244e-03  5.63539639e-02  3.35146487e-02 -1.20726034e-01]"
-4,"Erityisesti tutkielma keskittyy useiden modaliteettien käyttöön liittyvään datafu- usioon, eli useiden modaliteettien yhteen sovittamiseen koneoppimis arkkitehtuureissa. Modaliteetillä tarkoitetaan tietotyyppiä kuten kuvaa tai ääntä. Tämän lisäksi tutkielma käsittelee neuroverkkoja ja syväoppimista perusteiden kautta rakentaen pohjan komplek- sisempien kokonaisuuksien ja datafuusion käsittelyyn. Ohjattu oppiminen (Supervised learning) on yksi koneoppimisen osa-alue, jossa olemassa olevan datan avulla pyritään muodostamaan malli, joka pystyy esimerkiksi luokittelemaan sille syötettävää dataa. Ohjattuun oppimiseen tarvitaan siis dataa joka on jo luokiteltua, tätä kutsutaan koulutus dataksi. Lineaarinen regressio on hyvä selkeä esimerkki joka sovel- tuu yksinkertaisten ongelmien ratkaisemiseen. Datan ulottuvuuksien ja kompleksisuuden lisääntyessä edistyneemmät algoritmit, kuten neuroverkot, toimivat paremmin. Neuroverkon rakenne koostuu yksinkertaisimmillaan solmuista, jotka sijaitsevat verkon eri kerroksissa. Kokonaan yhdistetyssä neuroverkossa jokainen solmu yhdistyy jokaiseen seuraavan kerroksen solmuun. Solmujen väliselle yhteydelle sijoittuu paino sekä jokaiseen solmuun harha.",1197,128,299.25,"[ 0.03464323  0.01760503 -0.06473035 -0.16828614 -0.0383609  -0.0237438
 -0.03139366 -0.01708258 -0.1262618   0.1687154   0.12850074  0.04007798
  0.10411011  0.06541724  0.02117428 -0.04821652  0.04857575 -0.01854084
  0.09003185  0.01793417  0.13859443 -0.04120392  0.03090499 -0.15840778
 -0.13738541  0.0657361  -0.04627965 -0.19986898  0.07342177 -0.12134565
  0.0406005   0.16859214  0.05631835  0.06180884 -0.21465805  0.12869146
  0.06314126  0.0961007  -0.02586857  0.07017799 -0.10795122  0.04037504
  0.02653441 -0.03641433 -0.05465775 -0.07996747 -0.14741725 -0.11046859
 -0.11357164 -0.25343445 -0.26011026 -0.11326738  0.07859974  0.07865559
  0.09936733  0.0959833   0.16659918 -0.02916078 -0.09106595 -0.02690285
  0.08578151 -0.02625444  0.02356864 -0.00249799  0.16246942  0.04768918
  0.11970547  0.07350545  0.07234208 -0.03601216 -0.15796947  0.03091823
 -0.10339398  0.01178787 -0.02276824  0.15413795 -0.11274336 -0.06707193
  0.24486318 -0.19280775  0.14510784  0.13966803  0.12195371  0.14717233
 -0.107333    0.09087536 -0.05018564 -0.07086624 -0.15304662 -0.07730056
  0.00986961  0.04305893 -0.06561299  0.08826897  0.00787203 -0.07572372
  0.0120997  -0.1430232   0.24682234  0.25525677 -0.0787147  -0.01742369
 -0.11709483 -0.01729511  0.12872277 -0.13093966 -0.03374525 -0.13089778
  0.0142253   0.00627498  0.00804009  0.03896905 -0.06678527  0.09808819
  0.11251831 -0.00771779 -0.12551092  0.00910634  0.0557403   0.08025278
 -0.02469488 -0.09675154  0.07827657  0.02422192  0.29994935 -0.15798856
 -0.16903624 -0.09804986  0.13365158 -0.13013202  0.10305384  0.08646162
  0.05627193  0.13467701 -0.04861554 -0.09673022  0.129416    0.0538492
 -0.11474542  0.23665026  0.00125143  0.36864924  0.29090193 -0.00145598
 -0.11420456  0.17798644 -0.06030079 -0.20027755  0.06426867 -0.0588901
  0.18079793 -0.08150546  0.17283292  0.00748145  0.05897603  0.04007876
  0.07646767 -0.03813517 -0.11917935 -0.01459982 -0.12563907  0.1281909
 -0.07835994  0.05701167 -0.01971661 -0.07549246 -0.02480338 -0.07273634
  0.07994637  0.0985146   0.01091816 -0.16931802 -0.1033266  -0.06035709
  0.0332913  -0.05618251 -0.25366125 -0.12136409  0.06092856 -0.09795891
  0.20352523 -0.13586846  0.1798712  -0.0408564  -0.06011945 -0.23202854
 -0.00884291  0.04950204 -0.1697282   0.10171832 -0.13930315  0.22381963
  0.18532683  0.00294113 -0.11210871 -0.26715302  0.30241698 -0.08100838
 -0.22014736 -0.14078936 -0.24578965  0.03979532 -0.21981567 -0.10623107
 -0.25327152 -0.08801264 -0.00826026  0.09517124 -0.07845311  0.11668044
 -0.13882555  0.01711958 -0.13152984 -0.04200491  0.00350758 -0.12068193
 -0.24764407 -0.06709816 -0.10355624  0.03768444 -0.01071293 -0.12407544
 -0.06051215 -0.1892672  -0.39813164  0.0470325  -0.06937122  0.11002534
  0.13369912  0.01369743 -0.0175986  -0.06592093  0.06832051  0.04381292
 -0.1468446  -0.05380323  0.14772153  0.01517435 -0.03233872 -0.05068453
 -0.14387366 -0.09541164 -0.04355414 -0.09622078 -0.07309782 -0.07719942
 -0.16196926 -0.12684321  0.15067196  0.17968675 -0.14421675 -0.17101692
 -0.00934062 -0.12133896 -0.00333436 -0.13691323 -0.02036672 -0.01748995
 -0.00254965  0.15165402  0.21853682 -0.14521618  0.05260582  0.0787335
 -0.14289205  0.15885523  0.05299991  0.02955901  0.03602918  0.09352361
 -0.20937349  0.17054892  0.02289405  0.06484389  0.00640425  0.09756311
  0.06381215 -0.2653255  -0.01757991 -0.06570703 -0.01183819  0.0739847
 -0.01070421  0.23210934  0.11239341 -0.16675447  0.04301493 -0.02198101
 -0.0522775   0.0494085  -0.02236463  0.13337249 -0.01707968  0.10448539
  0.2165657  -0.01939161  0.14347827  0.0106272   0.00797994  0.05369312
 -0.18906781  0.049716    0.01877954  0.10289098  0.0629729  -0.23836242
  0.1464176   0.12111968  0.03326241  0.19503853  0.06071752 -0.10295886
 -0.02509085 -0.0655933  -0.1347084  -0.25075173 -0.20880075  0.15256947
  0.18121955 -0.2219797   0.0199752   0.03193301  0.0778334  -0.03041853
 -0.03779775 -0.02582445 -0.01351981  0.1336084  -0.03486691  0.04033686
  0.06815147  0.0074086  -0.01045406  0.16393584  0.141169    0.10036044
  0.1953743   0.21985015 -0.0026522   0.03838982  0.36002734  0.1041408
 -0.23662232  0.0508858  -0.02321232 -0.0484224   0.07054345  0.22912835
 -0.1014386  -0.08183532  0.01571924  0.11329135  0.08612864 -0.05776631
  0.13085243  0.01572783 -0.03811581  0.05400619 -0.07862195 -0.01181698
  0.06063364 -0.08773802  0.03413517  0.01610594  0.14487498  0.02728624
 -0.07914931 -0.14012738  0.07084906  0.15277511 -0.11647861  0.0467487
  0.05879388  0.05024687  0.13312751  0.18219414  0.05156595 -0.01207604
  0.02059487  0.03243392 -0.1331781   0.15911032  0.01796301 -0.13902643]"
-4,"Neuroverkon kouluttamisella tarkoitetaankin näiden painojen ja harho- jen säätelyä niin, että verkko tuottaa halutun tuloksen. Neuroverkon ensimmäinen kerros jota usein kutsutaan syötekerrokseksi (Input layer) ottaa esimerkiksi kuvan pikselien ar-",247,29,61.75,"[-3.69231240e-03 -5.53894639e-02 -1.88317373e-01 -7.26648122e-02
 -1.14978708e-01 -8.18422884e-02  1.39428273e-01  3.58756594e-02
  1.81964800e-01  6.49643242e-02  2.57456064e-01  8.95707458e-02
  1.20005295e-01  1.18653566e-01 -2.02043757e-01 -3.99188362e-02
  1.75027549e-02 -8.62178877e-02  2.10204542e-01 -1.60928488e-01
  1.41862974e-01 -2.22894385e-01  1.93048850e-01 -2.05391720e-01
 -9.73902494e-02  1.12407394e-01 -1.94814429e-01 -9.98315811e-02
  9.98593792e-02 -1.88539594e-01  4.92156222e-02  6.27496243e-02
  1.00373663e-01 -4.11728546e-02 -2.86796540e-01  4.97170463e-02
 -2.12722495e-02  1.64835155e-01 -9.68149006e-02  1.77473817e-02
 -1.29596472e-01  1.49736747e-01 -9.99047607e-02  6.53860420e-02
  3.32257807e-01  2.61633098e-03 -1.43394858e-01 -1.72245890e-01
 -1.89208701e-01 -1.66247278e-01 -4.82287966e-02 -1.57686621e-01
  3.59460972e-02  9.51939300e-02  2.70580441e-01  1.32897466e-01
  1.54255286e-01 -1.69815049e-01 -1.76345602e-01  1.25678822e-01
  8.62597376e-02 -4.59852852e-02  1.21983513e-01  2.67312806e-02
  7.58173466e-02 -1.16252884e-01  9.46133286e-02  4.81488518e-02
  1.37482979e-03  1.34942845e-01 -1.03324346e-01 -2.19333887e-01
  1.17486753e-01  7.29110045e-03  1.85634196e-01  3.86876315e-02
 -1.43335432e-01 -4.04278236e-03  2.12524951e-01 -1.54071674e-01
  2.25650087e-01  4.74159839e-03  1.60128698e-01  1.42860278e-01
  1.04593761e-01  2.22780094e-01  3.02910022e-02 -1.00482151e-01
 -2.44465455e-01  7.35761076e-02  9.73798782e-02 -2.39435360e-01
 -1.65772721e-01 -5.38417213e-02 -9.16694254e-02 -1.55763537e-01
 -8.71052518e-02 -6.08144142e-02  1.14903875e-01  1.73947111e-01
 -5.93954697e-02 -6.33482262e-02 -2.34041899e-01 -2.12569505e-01
  7.70550966e-03 -1.16480857e-01  8.48683491e-02 -9.39567983e-02
 -8.51241499e-02  1.60333544e-01  4.15433422e-02 -8.27179998e-02
 -6.85889274e-02  1.87136725e-01  8.84567723e-02 -4.04754430e-02
 -2.35380381e-01 -5.92536367e-02  4.14310634e-01  2.79474091e-02
  2.20981445e-02 -1.25247896e-01  9.40703321e-03 -4.87969667e-02
  3.34993780e-01 -2.49459490e-01 -8.58889706e-03  5.02096787e-02
  6.23735972e-02  1.99457128e-02  4.45678793e-02  6.18104376e-02
  1.80115789e-01  1.31056815e-01 -3.50527316e-02 -1.20283812e-01
 -2.05173027e-02  8.17034915e-02 -2.64677554e-01  5.77431247e-02
  1.30972741e-02  7.12800145e-01  3.93446237e-01  1.97916359e-01
 -1.99318573e-01  9.11037847e-02  4.35420834e-02 -1.94968462e-01
  1.83494583e-01 -7.33277798e-02  6.49578422e-02 -1.71332389e-01
  5.01329862e-02  5.70323085e-04 -1.77929685e-01  1.10985391e-01
 -1.93925232e-01  6.83644554e-03 -1.72901541e-01 -2.11104527e-01
 -1.82795033e-01  6.00445718e-02 -9.50369015e-02 -2.27910187e-02
  2.94833332e-01 -2.38776449e-02  7.95546845e-02 -1.31548271e-01
  4.81009260e-02 -2.27196161e-02  2.14939751e-02 -2.26879075e-01
 -1.63056821e-01  1.12198122e-01 -3.52697633e-02  3.76392975e-02
 -3.77992004e-01 -7.24226385e-02 -7.04584410e-03 -2.48460099e-01
  4.11110222e-01 -2.64293253e-01  2.92912405e-02  7.99045619e-03
  2.45832908e-03 -1.43535689e-01 -2.26021968e-02  1.19294070e-01
 -2.38744095e-01  1.01560801e-01 -2.12380797e-01  1.59045056e-01
  1.94520548e-01  5.55002131e-02 -5.15706763e-02 -1.59659550e-01
  2.27722451e-01 -8.87534916e-02 -3.41991812e-01 -4.94602174e-02
 -1.50428280e-01 -1.35718033e-01 -3.65777105e-01 -2.78971996e-02
 -3.19998473e-01 -6.55539706e-02 -9.29429904e-02  7.44132921e-02
  8.30010325e-02  6.61679506e-02 -2.21236646e-01 -2.53077418e-01
 -7.96915740e-02  4.07689735e-02  2.17863694e-01 -4.27588746e-02
 -3.07953656e-01 -7.28258938e-02 -8.91098604e-02  1.72227010e-01
  1.87551558e-01 -3.73034105e-02 -1.37714714e-01 -2.81384051e-01
 -4.57054019e-01  9.80678946e-02 -1.24691106e-01  1.70367807e-01
 -2.85722259e-02  9.59547237e-02  1.40520260e-01 -1.63219705e-01
 -8.50596055e-02  2.16439925e-02 -1.55744269e-01 -1.79254398e-01
 -3.93133722e-02  9.63372290e-02 -1.98428668e-02 -2.35256389e-01
 -3.14387500e-01  8.34733918e-02 -5.47470078e-02 -9.48141664e-02
  2.14654189e-02  8.55348781e-02  1.57047913e-03  5.59847727e-02
  2.18651831e-01  9.52411518e-02 -1.87755134e-02  8.94292071e-02
 -4.72757183e-02 -4.59816530e-02 -5.84025197e-02 -2.08376408e-01
  4.96102609e-02  8.63473397e-03  5.82766458e-02  1.66926995e-01
  1.52560711e-01 -4.50979136e-02  2.71553546e-01  1.31754190e-01
 -1.56433895e-01 -4.15717848e-02 -9.97333601e-02  1.92475006e-01
 -3.01123876e-02  9.75538567e-02 -2.10715428e-01  1.88241780e-01
 -4.02047150e-02  1.18271589e-01 -3.01439203e-02 -5.07069081e-02
  1.11000740e-03 -1.08811840e-01 -3.35605536e-03  4.85517690e-03
 -2.46886581e-01 -2.07479969e-02  1.07424513e-01 -1.59536004e-02
  3.95182222e-02 -4.39779580e-01 -2.60843076e-02  1.40416786e-01
  1.40144810e-01  7.88087863e-03 -6.74631670e-02  2.43493721e-01
  7.41087869e-02  7.43867084e-02  2.05792651e-01  1.32365614e-01
  3.83520693e-01 -5.63004501e-02 -1.36967182e-01 -2.04778519e-02
 -9.70452353e-02  1.25086203e-01 -3.61694284e-02  7.83071667e-02
 -1.02527425e-01 -3.47656049e-02  1.61632329e-01  6.58350065e-02
  9.41298157e-02  1.74312174e-01 -1.19999507e-02 -4.03561220e-02
 -9.23663843e-03 -8.30351114e-02 -9.18605477e-02 -1.09755151e-01
 -2.34434783e-01  9.08867791e-02  3.28019150e-02 -2.64568061e-01
  1.11742057e-01  8.27182829e-02  2.92154044e-01  1.23427622e-01
  8.35766345e-02 -1.69317201e-01  9.36686993e-02  1.12902626e-01
 -2.16185808e-01 -9.45099145e-02  6.55771717e-02  1.51558295e-01
 -6.34446442e-02  1.51834756e-01  2.95391053e-01  2.15163618e-01
  2.05420643e-01  2.64487207e-01  9.31653008e-02 -1.32009208e-01
  1.70415163e-01  8.68621394e-02 -2.62177646e-01 -1.87189206e-02
  3.37322280e-02  9.17123780e-02  4.97370176e-02  2.73264945e-01
 -2.09435835e-01 -1.08896941e-01 -1.89506076e-02 -7.47166481e-03
 -4.72886153e-02 -3.25470231e-02  1.79380134e-01  2.23272517e-02
 -1.30566761e-01 -2.18553375e-02  4.46895976e-03 -3.13143805e-02
 -1.53728738e-01 -6.90340325e-02  1.72142953e-01  3.91072594e-02
 -1.73626821e-02  2.49644011e-01 -3.26077417e-02 -1.25908718e-01
  1.48474663e-01  2.66688745e-02 -1.24081731e-01  1.62104934e-01
  5.47670946e-02  2.25490760e-02  1.08077131e-01  3.11252717e-02
  1.42399684e-01 -1.30603969e-01  5.99867441e-02  1.83586702e-01
 -1.18789345e-01  3.04461509e-01  1.47863373e-01 -1.15874253e-01]"
-3,"voja solmujen arvoiksi. Kuva, joka koostuu 20x20 pikselistä, tuottaa täten 400 solmun kokoisen syötekerroksen josta jokainen solmu yhdistyy jokaiseen seuraavan kerroksen sol- muun. Neuroverkon viimeistä kerrosta kutsutaan tulostekerrokseksi (Output layer) ja sen solmujen määrä määräytyy esimerkiksi luokittelutehtävissä luokiteltavien kohteiden mukaan. Ensimmäisen ja viimeisen kerroksen koko on siis valmiiksi määritelty. Kerroksia jotka sijaitsevat syöte ja tuloste kerroksen välissä kutsutaan piilokerroksiksi (Hidden layer). Piilokerrosten määrää ja kokoa ei ole valmiiksi määritelty, syväoppimisesta puhuttaessa viitataan verkkoihin joissa piilokerroksia on useita. Neuroverkkon kouluttamisella tarkoitetaan prosessia jossa verkon harhat ja painot opti- moidaan. Koulutukseen käytettävä data voidaan jakaa testi- ja koulutusdataan jolloin verkon suoriutumista voidaan arvioida datalla, jota ei ole käytetty sen kouluttamiseen. Eteenpäinsyöttö algoritmin avulla verkon syöte viedään kerroksien läpi aina tuloste ker- rokselle asti. Yksittäisen solmun aktivaatio voidaan laskea siihen kytkettyjen solmu- jen painolla skaalattujen arvojen summana, johon lisätään solmun harha.",1179,138,294.75,"[ 4.07888778e-02  6.93864673e-02  3.29333693e-02 -2.02165201e-01
 -5.08131552e-03 -2.86813490e-02  1.04860336e-01  2.19717979e-01
  2.18211398e-01 -4.77750115e-02  1.22565992e-01 -8.20732266e-02
  9.97052863e-02  1.48617357e-01 -2.53328055e-01 -1.04407206e-01
 -1.04498900e-01  7.30044171e-02  1.16600050e-02  5.21751903e-02
  2.18845204e-01 -1.32588476e-01  1.90421659e-02 -2.60005832e-01
  8.21410790e-02  1.63833842e-01 -1.75355792e-01 -9.85595956e-02
 -1.16799008e-02 -2.69638419e-01  4.44577672e-02  1.99437946e-01
  1.52483135e-01 -1.12487227e-01 -8.72098655e-02 -4.38791290e-02
 -1.76457748e-01  1.19836330e-01 -4.16271128e-02  1.24798380e-01
 -1.86962664e-01  1.66699931e-01 -7.64849260e-02  1.35829868e-02
  2.56959528e-01 -5.15700392e-02 -1.17732063e-01 -1.11541785e-01
  3.40486020e-02 -1.66001320e-01 -5.92355467e-02 -5.73206991e-02
 -2.16238439e-01  2.23664671e-01  2.30985750e-02  1.06685115e-02
 -2.58759484e-02 -2.15351835e-01  2.11529404e-01  8.01699162e-02
  1.94829509e-01  1.36455847e-03 -2.20843256e-02  2.10817475e-02
  1.27071232e-01 -8.34354907e-02  8.38554054e-02 -1.24738686e-01
 -5.78220151e-02  2.15856239e-01  6.24690205e-02 -4.63093296e-02
  3.63501795e-02 -1.72972754e-01  2.09087700e-01 -1.87041312e-02
 -4.56498489e-02  9.85124335e-02 -9.94991958e-02 -7.60348067e-02
 -2.30398737e-02  7.75794359e-03  7.85519406e-02  7.37011582e-02
  2.63563804e-02  1.67486489e-01  1.46039610e-03  1.36717513e-01
 -3.12022209e-01 -7.26721734e-02  1.10501841e-01 -2.55893171e-01
 -2.26655021e-01  5.14853001e-02 -7.69584104e-02  4.01518196e-02
  1.23086676e-01 -1.08203478e-01  2.39905372e-01  2.36082301e-01
  2.47629732e-02 -9.25975367e-02 -5.54177910e-04 -1.94388837e-01
 -1.03677422e-01 -5.28774709e-02 -7.48889297e-02 -2.23827288e-02
 -4.18264568e-02  4.13914621e-02 -2.90287863e-02 -3.70554812e-02
 -1.15061015e-01  4.64566723e-02  1.70494646e-01 -9.69064608e-02
  8.62775743e-03 -9.60060433e-02  2.11023688e-01  1.53061617e-02
  1.32242683e-02  5.19154854e-02 -2.32340127e-01  2.23556906e-02
  1.81522444e-01 -2.01615632e-01 -9.86470561e-03  8.18609744e-02
  1.91676021e-01  7.70934746e-02  3.77279483e-02  1.79950789e-01
  1.14580050e-01  5.23360074e-02  1.07532792e-01 -1.10605750e-02
 -8.62357952e-03  1.36126101e-01 -2.51929492e-01 -3.51655707e-02
 -1.00436099e-01  4.92078304e-01  1.51296988e-01  1.01208568e-01
  8.46107081e-02  1.92200080e-01 -2.60695517e-01 -9.69607159e-02
  1.66418672e-01  8.46825093e-02  2.33937725e-01 -1.48535088e-01
  1.67865455e-01  7.22326711e-02 -7.22410008e-02 -3.71571491e-03
 -1.32282987e-01 -7.13821203e-02 -2.99772292e-01 -4.81004566e-02
 -8.55216943e-03  3.79990935e-02 -3.39162676e-03  9.77409333e-02
 -3.76856662e-02  1.46119148e-01  1.69718880e-02 -1.17185496e-01
  1.21783666e-01  1.61629125e-01  1.85816020e-01 -2.46787295e-01
 -2.59430893e-02  1.15433075e-01 -1.82628203e-02  1.51241235e-02
 -2.03209937e-01  1.64444223e-02  3.93176377e-02 -1.47929952e-01
  5.24373166e-02  8.54006782e-02  6.19930401e-02  9.56978053e-02
 -1.20360136e-01 -2.48120442e-01  7.98342377e-02  1.65087342e-01
 -6.39918223e-02  7.72951990e-02 -1.11342110e-01  2.73514315e-02
  2.28313714e-01  2.24060595e-01 -1.83923230e-01 -1.05035305e-01
  2.14181140e-01 -1.04782078e-02 -2.51732975e-01 -1.56143725e-01
 -7.69590363e-02  3.36835980e-02 -2.84498721e-01  5.11074699e-02
 -6.97062090e-02 -1.03889696e-01 -8.42576548e-02  8.62341076e-02
 -5.75701520e-02  2.59702176e-01 -1.98796019e-01 -5.66822052e-01
 -4.24871258e-02  3.28557417e-02  2.39045501e-01  8.63779485e-02
 -3.37835550e-01 -2.19549537e-01 -1.60564885e-01  3.68460789e-02
  1.36024401e-01 -2.06834882e-01 -1.93713933e-01 -3.08029592e-01
 -2.58910626e-01 -1.58140250e-02 -1.71588764e-01  5.26103750e-02
 -6.69372976e-02  9.40575004e-02  6.39459118e-02  1.87191412e-01
 -1.20741740e-01  7.02853203e-02 -6.98602274e-02 -2.10373163e-01
 -4.18878756e-02  7.75392959e-03 -2.49315768e-01 -9.79480669e-02
 -2.98296027e-02 -1.05192162e-01  9.03049260e-02 -4.32846919e-02
 -6.64939880e-02  7.84049109e-02  1.03194930e-01  1.51942030e-01
  1.85742036e-01  1.71321973e-01  1.58152785e-02 -3.97480354e-02
 -6.15555830e-02  1.35279205e-02 -1.34539053e-01 -2.35517263e-01
  1.31543189e-01  2.08575457e-01 -3.67024988e-02 -2.09732018e-02
  2.46743992e-01 -1.66890457e-01  2.33007178e-01 -1.66562140e-01
 -4.35512960e-02  7.76549056e-02  1.79930717e-01  1.72127098e-01
  9.79433209e-02 -1.73381507e-01 -1.79886743e-01  4.87927124e-02
 -1.05048969e-01  4.33601579e-03  2.21313443e-04 -2.71019153e-02
 -2.03859378e-02 -1.02305993e-01 -1.11375734e-01 -3.52474861e-04
 -2.23247290e-01  3.46983932e-02  1.65307552e-01  3.13284360e-02
  1.05045751e-01 -2.30600104e-01 -4.36728122e-03 -1.74443141e-01
  2.31000930e-01  7.86762163e-02  2.89075524e-02  1.37738705e-01
 -1.86828643e-01  1.66528881e-01  1.41048864e-01  2.04653129e-01
  2.13385999e-01  4.70866151e-02 -1.15572795e-01  7.04708770e-02
 -6.62310049e-02  3.51768099e-02 -9.18464810e-02  1.91299528e-01
 -2.53577888e-01 -8.56162608e-03  9.64032859e-02  2.55627453e-01
  1.95407465e-01 -2.61526536e-02  3.98774557e-02 -5.16698360e-02
 -4.45496179e-02  1.00627758e-01  1.07838446e-02 -2.51222923e-02
  7.27911741e-02  3.60220373e-01  1.68659642e-01 -2.93480515e-01
  5.55082560e-02 -5.69684897e-03 -7.43332803e-02 -7.32508972e-02
  3.91554683e-02 -1.13031521e-01  1.59667715e-01  4.44180667e-02
 -5.11209331e-02 -2.45292298e-02  1.64841756e-01  1.73971839e-02
 -1.59482494e-01  9.83188748e-02 -2.10056100e-02  5.11778593e-02
 -1.90271854e-01  2.89931417e-01 -1.31004795e-01 -1.77007183e-01
  5.95309027e-02  8.38322118e-02 -2.95122899e-02 -1.27217248e-01
 -6.23625368e-02  6.60488084e-02 -5.76593317e-02  2.02091664e-01
 -3.04957777e-01 -2.27545977e-01  9.05175433e-02 -8.41941833e-02
 -9.63660255e-02  9.53525752e-02  2.17882708e-01 -1.16224833e-01
 -1.26236156e-01  1.04152989e-02  4.33147810e-02  1.60302565e-01
 -4.23331261e-02 -3.08507472e-01  5.85892126e-02  1.00522354e-01
  1.25996217e-01  3.90654020e-02  2.10544448e-02 -2.65168063e-02
  2.92409156e-02  1.62676468e-01 -1.07132196e-01  1.34647712e-01
 -7.44573548e-02  1.10009372e-01 -3.05155180e-02  7.49405921e-02
 -2.29719840e-02  1.13025568e-02  5.60180545e-02  7.86049664e-02
 -2.03549445e-01  2.24184498e-01  7.15808347e-02  3.46920593e-03]"
-3,"Tätä sum- maa voidaan kutsua solmun lineaariseksi muunnokseksi, jotta aktivaatio saadaan lasket- tua tähän sovitetaan aktivaatiofunktio. Aktivaatiofunktion avulla lineaarisuus saadaan rikottua. Tämä mahdollistaa epälineaaristen suhteiden mallintamisen. Samalla kaavalla voidaan edetä tuloskerrokselle asti. Tulostekerroksen aktivaatiofunktio poikkeaa usein muiden kerroksien aktivaatiofunktiosta, koska tämän kerroksen arvot halutaan kuvata to- dennäköisyyksinä ja täten niiden summan on oltava 1. Viimeisen kerroksen solmujen ja syötteen tunnisteen (label) erotusta kutsutaan kustannusfunktioksi. Takaisinvirtausalgo- rtimi hyödyntää tätä ja sen tehtävä on laskea jokaisen painon ja harhan osittaisderivaatta suhteessa kustannusfunktioon. Näitä arvoja voidaan kutsua myös gradienteiksi. Gradi- entti suhteessa kustannusfunktioon kertoo suunnan, joka kasvattaa sen arvoa nopeim- min. Siirtämällä painoja ja harhoja kohti negatiivistä gradienttiä voidaan kustannusfunk- tion arvo minimoida. Neuroverkkoja on kehitetty moneen tarkoitukseen.",1038,115,259.5,"[-2.49666676e-01 -4.12155781e-03  9.53285117e-03 -1.77992910e-01
  2.78526992e-02 -3.87517214e-02  2.65314937e-01  2.87943184e-01
  4.64508235e-02 -2.19814572e-02  1.75318748e-01  1.39886022e-01
  6.52277563e-03  2.22202718e-01 -2.78123580e-02  2.76009664e-02
 -1.66848183e-01  1.72649637e-01 -2.32678458e-01 -6.30225390e-02
  2.00542778e-01 -7.74772167e-02 -1.17808439e-01  7.00268522e-02
  7.69249126e-02  3.61317247e-02  1.53182670e-01 -7.71660358e-02
  9.45642367e-02 -1.48347393e-01 -9.48035810e-03  1.45907655e-01
  2.86985449e-02 -1.12127364e-01 -2.50158668e-01  8.11119080e-02
 -1.30692840e-01  5.40977791e-02 -6.83748126e-02  6.22912645e-02
 -1.17732368e-01 -6.19414309e-03  4.04982455e-02 -1.22438073e-01
  1.04634151e-01 -2.61571527e-01 -2.20936611e-02 -1.20102942e-01
 -8.37583318e-02 -2.21349806e-01 -2.42496543e-02 -3.44031304e-03
 -1.83956742e-01  9.04814061e-03  4.10911851e-02  7.02872202e-02
 -4.91982978e-03 -2.47058533e-02  3.66081968e-02 -7.29674548e-02
  7.44591057e-02  1.31473720e-01 -1.54739469e-02 -1.60075486e-01
  2.75495380e-01 -1.28739432e-01  1.62484437e-01 -1.70486987e-01
 -3.86563838e-02  3.73462319e-01 -2.51997173e-01  6.63748384e-02
  1.77790448e-02 -1.75935581e-01  1.45760745e-01  1.16572455e-01
 -1.24632090e-01  1.21952288e-01  2.44011268e-01  1.06987290e-01
  1.73668265e-01 -1.24235824e-03  4.36467864e-03 -1.98921449e-02
 -2.36508474e-01  1.96893305e-01  1.52478650e-01 -1.53748905e-02
  7.57226869e-02 -6.35211393e-02  1.96757108e-01 -9.22359154e-03
 -1.74542889e-01  6.56221062e-02 -1.32957101e-01  1.36499275e-02
  1.46230951e-01 -7.09443539e-02  5.18051237e-02  3.13654870e-01
 -1.18632138e-01  8.17202702e-02 -1.41625553e-01 -8.38984922e-02
 -5.05741909e-02 -1.42735064e-01 -1.34201363e-01 -1.71001807e-01
 -9.07983556e-02  7.32817799e-02  3.75236645e-02 -6.10295124e-03
  6.82125334e-03  2.35658176e-02 -8.74156803e-02 -7.39235505e-02
  6.76191151e-02  7.64635727e-02  9.70320106e-02  6.34698942e-02
 -5.19954506e-03 -2.06730008e-01  1.25173256e-02  3.39524060e-01
  1.58555016e-01 -1.26601532e-01 -1.90182537e-01  5.57620898e-02
  5.54108024e-02 -2.05303013e-01  5.09976894e-02 -2.23171040e-02
 -1.55299574e-01 -1.53506219e-01  3.99385169e-02 -1.30842730e-01
  2.92913876e-02  1.73288479e-01 -1.08812757e-01  1.68959126e-01
 -2.40602903e-02  1.75974354e-01  2.04523280e-01  1.57236382e-02
 -1.47393391e-01  1.24128759e-02  1.41899630e-01 -2.82262743e-01
  1.99362338e-01  3.50918062e-02  4.97682765e-03 -2.66692322e-02
  2.37122908e-01 -3.49024683e-02  6.63130283e-02 -3.21175903e-03
 -1.17372841e-01 -8.54360610e-02 -5.31069078e-02  1.78892404e-01
 -1.20217562e-01  2.29129978e-02  1.64854392e-01 -5.84535003e-02
  8.26073438e-02  2.08400264e-01 -4.82678860e-02  1.24782816e-01
  8.41123238e-02  1.31895557e-01  4.67782319e-02 -1.15188248e-01
 -2.47264281e-02 -1.15305804e-01  2.08667740e-02 -5.59146702e-02
 -8.44086558e-02 -9.59147811e-02 -2.16503032e-02 -8.76167044e-02
  8.07222053e-02  6.48236051e-02  1.61987081e-01  1.67021543e-01
 -1.75111666e-01 -1.71752810e-01 -4.15413044e-02 -7.36656645e-03
  1.08706448e-02 -1.18680298e-01 -3.36252302e-02 -5.78758754e-02
 -3.82722020e-02 -7.39515154e-03 -1.40523151e-01 -2.79072315e-01
  2.26630628e-01  2.36931086e-01  8.84308591e-02  7.56011084e-02
 -1.31338507e-01  1.76638529e-01 -7.18408003e-02 -9.71492156e-02
 -4.10134858e-03  1.62704870e-01 -3.84364538e-02 -1.85432389e-01
 -1.08451031e-01 -7.87832141e-02 -3.50998826e-02 -1.07662223e-01
 -1.56374857e-01 -8.96175653e-02 -1.91486869e-02  2.46134568e-02
 -2.82402307e-01 -6.49788231e-02 -1.91755414e-01 -4.41279709e-02
  6.34196922e-02  2.85577271e-02  1.50060162e-01 -1.78298637e-01
 -3.11146051e-01  3.36651579e-02 -2.02943444e-01  4.20871098e-03
 -4.91501577e-02  1.67233735e-01 -2.15350650e-04 -1.47415265e-01
  5.81469424e-02  1.20228797e-01 -1.59406513e-01 -8.91416371e-02
 -2.37146597e-02  1.43153548e-01  1.87811017e-01 -3.24510336e-01
 -4.13184538e-02 -9.43989977e-02  2.99445596e-02  2.52651051e-02
 -1.09044947e-01  2.89519608e-01 -1.75271451e-01 -3.62656116e-02
  1.12868853e-01 -8.13360438e-02 -6.89549670e-02  4.61330712e-02
 -4.85142916e-02  6.02576658e-02 -1.02166966e-01  1.18208185e-01
  1.26077250e-01  8.83088261e-02  1.98065229e-02 -7.64587596e-02
  2.91568097e-02  1.34000659e-01 -1.63182840e-02 -4.64877486e-02
 -1.16751730e-01  1.00550696e-01  1.91106722e-01  5.68177551e-02
  8.89802575e-02 -9.69593972e-02  1.16646931e-01 -5.27107529e-02
  1.67590737e-01  2.38287505e-02 -1.85207985e-02 -1.04440957e-01
 -1.75866671e-02 -1.58724114e-01 -1.10844925e-01  1.62910536e-01
 -7.94583652e-03 -1.27155203e-02 -2.92382147e-02  3.64311971e-04
 -4.81472872e-02 -2.27077961e-01  5.98423332e-02 -1.22247942e-01
  1.44387394e-01  5.55186346e-02 -2.06658348e-01 -1.06358550e-01
  1.67164832e-01 -2.48075407e-02  5.14356643e-02  1.18581474e-01
  2.04746515e-01  9.75663885e-02 -1.81016743e-01 -5.84861264e-02
 -8.85630175e-02 -9.88278016e-02  3.03690545e-02 -3.54690738e-02
 -1.35912299e-01 -9.38428938e-02 -2.36932971e-02  1.05506182e-01
 -8.31468925e-02  2.58509554e-02 -1.53912395e-01  1.63176446e-03
 -7.34572019e-03 -8.65347683e-03  3.19498554e-02 -6.71217591e-02
 -9.39804465e-02  1.58069640e-01  9.73028094e-02 -2.33435750e-01
  3.02598961e-02 -1.41662061e-01 -4.00510468e-02  7.06801787e-02
  8.38045999e-02  1.73776299e-01  2.73893103e-02 -4.79797311e-02
  5.34243919e-02 -4.75253984e-02  1.02487221e-01  2.09854811e-01
  4.94841561e-02 -1.60047293e-01  1.53336480e-01  1.45043924e-01
 -7.59130567e-02  3.08947980e-01 -2.93912917e-01  6.91416115e-03
  2.58053899e-01  1.06231920e-01 -1.96648657e-01 -7.53562003e-02
 -3.31360325e-02 -1.24148950e-01  1.05440736e-01  1.03906035e-01
 -1.08152561e-01 -5.45150191e-02  9.58581269e-02  6.87658563e-02
 -7.49082267e-02  1.35378361e-01  1.56901740e-02  8.40886384e-02
  1.70933798e-01  2.72204727e-02  5.40645197e-02  1.51536062e-01
  1.26861066e-01 -1.86078802e-01  3.24793626e-03  8.19276944e-02
  8.77522491e-03 -1.02939747e-01 -5.70658445e-02 -1.95328128e-02
  1.59506693e-01  1.61655113e-01 -1.12278491e-01  1.68232173e-01
 -1.04650468e-01  7.56313279e-02  9.10131261e-02 -1.70330837e-01
 -4.83088866e-02 -1.05175361e-01  1.30334318e-01  3.80614363e-02
 -1.43955141e-01  2.46923387e-01  1.06217414e-01 -3.79083157e-02]"
-3,"Useat näistä kuten konvoluutio ja takisinkytkentäneuroverkot perustuvat samojen algoritmien ja koulu- tustekniikoiden käyttöön kuin kokonaan kytketyssä eteenpäinsyöttö neuroverkossa. Multimodaalinen koneoppiminen (Multimodal machine learning) pyrkii hyödyntämään useita modaliteettejä saman aikaisesti. Multimodaalista koneoppimista voidaan hyödyn- tää monissa eri käyttötarkoituksissa kuten generatiivisessä tekoälyssä. Lääketieteellisessä diagnosoinnissa multimodaalisia koneoppimista voidaan hyödyntää esimerkiksi tunnista- maan tauti. Esimerkiksi röntgenkuvien avulla voidaan kouluttaa malli tunnistamaan nivel- rikko (Tiulpin et al., 2018). Malleja, jotka pohjautuvat vain yhden modaliteetinkuten",701,69,175.25,"[-4.59606200e-02 -8.22107047e-02  2.88680717e-02 -1.57020360e-01
 -1.02549009e-01 -8.28406438e-02 -3.01631913e-02  7.91964121e-03
  2.09784321e-03 -4.31739166e-02  1.53627604e-01  8.17789733e-02
  1.44654457e-02  1.24220014e-01 -1.46739945e-01 -6.60057068e-02
 -3.70802544e-02  1.37873441e-01  6.87639415e-02 -9.00761932e-02
  2.88380776e-02  1.48027083e-02  6.21260256e-02  8.27716887e-02
 -2.20670924e-01  5.26984110e-02  2.60562450e-02 -1.26686677e-01
  2.93268859e-02 -1.51725426e-01  1.58251405e-01  5.62816486e-02
  9.39938799e-02 -5.65606244e-02 -2.82887876e-01  1.58721954e-01
 -3.10347453e-02  2.52039403e-01 -1.37301311e-02  6.13051616e-02
 -5.49931452e-02 -8.08067992e-02  1.27483338e-01  2.88561098e-02
  5.96740954e-02 -2.77065560e-02 -2.10791230e-01  3.00061237e-02
 -9.92763564e-02 -2.07666963e-01 -1.34743182e-02 -1.93113089e-01
 -2.25369781e-02 -3.48685943e-02  3.12281460e-01 -5.84528670e-02
  4.64558266e-02 -8.71584006e-03 -1.75445333e-01  1.50159955e-01
  4.21245210e-02  4.94397953e-02  2.09206305e-02  1.38617665e-01
  2.22732931e-01  3.00836377e-02  2.39280522e-01 -4.22484381e-03
  8.42914432e-02  1.57843560e-01 -1.03116661e-01 -5.01507521e-02
  1.74175203e-02  8.68854523e-02  1.56473234e-01  1.93364382e-01
 -8.24466348e-02 -7.84184560e-02  2.36126050e-01  4.25425395e-02
  1.73142821e-01  1.15258865e-01  1.11811072e-01  4.18754071e-02
 -9.68239829e-02  1.05872422e-01  2.95126885e-02 -1.05446681e-01
 -1.62157454e-02 -1.02992684e-01 -1.79425571e-02 -3.28539833e-02
 -8.75565261e-02 -1.25579357e-01 -1.36278838e-01  1.84845123e-02
 -4.95081693e-02 -1.41001061e-01  1.23473197e-01  1.48108006e-01
 -3.07276487e-01 -1.02165222e-01 -1.60365522e-01 -1.03970386e-01
  1.70369685e-01 -7.24669844e-02 -4.12236825e-02 -3.22419167e-01
 -1.40937185e-03  2.52548791e-03 -8.77136588e-02  1.92705095e-02
  3.48078310e-02  9.61980075e-02 -1.84458923e-02 -1.24215046e-02
 -4.96950932e-03 -7.53535703e-02  3.85473147e-02  1.26470745e-01
 -9.90703627e-02 -5.71278706e-02  1.20625399e-01  1.84555594e-02
  3.34146798e-01 -3.73312496e-02 -1.30471811e-01  7.89263844e-02
  1.74093679e-01 -2.33468533e-01  2.55330443e-01 -3.67624201e-02
  4.60921861e-02  7.09347352e-02  1.36892423e-01 -1.34973601e-01
  2.54163835e-02 -1.13739088e-01 -1.17429562e-01  2.33461723e-01
 -8.30590352e-03  2.82865196e-01  2.56090224e-01  7.17238486e-02
 -1.96324196e-02  1.17711663e-01 -1.91773148e-03 -1.27092481e-01
  1.14155784e-01 -1.31613836e-01  8.69302675e-02 -1.70382202e-01
  1.55498922e-01  2.68286876e-02  4.23676297e-02  1.22074440e-01
  2.40818635e-01  1.67261511e-02 -2.25101173e-01 -8.51322785e-02
 -2.49616027e-01  8.89863372e-02 -8.45448952e-03  6.53397217e-02
  1.32698091e-02 -2.06509028e-02  1.23086825e-01 -1.01007730e-01
  6.95596933e-02 -3.47360857e-02  3.83366905e-02 -1.63793519e-01
 -1.67994082e-01 -3.41342483e-03  2.03011855e-02 -5.66366240e-02
 -2.67450333e-01 -1.08355410e-01  5.71476780e-02 -1.49935782e-01
  7.81664550e-02 -2.64180094e-01  1.50267750e-01 -8.54045711e-03
 -7.17931613e-02 -8.95276964e-02 -4.88191769e-02  6.44740909e-02
 -1.99658543e-01  1.42794445e-01 -1.17742442e-01  9.28143263e-02
  2.50428498e-01 -7.27377534e-02 -1.07949503e-01 -8.09771568e-02
  2.96143860e-01 -4.82715182e-02 -1.48835927e-01 -7.46765509e-02
 -2.72644162e-01 -5.25825322e-02 -1.44981831e-01 -2.06196353e-01
 -1.89278185e-01 -1.46921217e-01 -2.39185896e-02 -3.85159664e-02
 -5.52219972e-02  1.44464344e-01 -1.28333569e-01  2.80103415e-01
  2.05632448e-02 -1.29803531e-02  1.62649807e-03  5.05152680e-02
 -2.76184946e-01  3.29652950e-02  7.41636753e-03 -4.75133732e-02
  3.12687196e-02 -5.22055989e-03 -6.88814148e-02 -9.49166566e-02
 -4.48465765e-01 -8.54875147e-02 -2.06519980e-02  8.27806741e-02
 -1.70524698e-02  3.95002514e-02 -1.08612880e-01 -6.71313107e-02
 -2.11163033e-02  1.32816350e-02 -9.84914303e-02 -5.36357425e-02
  1.93061326e-02  3.50161791e-02 -9.78522375e-03  8.97630826e-02
 -1.44128114e-01  4.72350121e-02 -2.87254639e-02 -4.30941582e-02
 -2.57863142e-02  2.31116205e-01 -1.60638437e-01 -1.12371087e-01
 -8.71743821e-03  1.48162231e-01 -1.51456818e-01 -6.01703934e-02
 -3.18333972e-04 -7.02917874e-02  1.00292414e-01 -8.34041908e-02
  4.85198721e-02  8.08205977e-02  6.90662488e-02  2.41425648e-01
  6.76270351e-02 -1.76392496e-02  7.91591108e-02  3.32509242e-02
 -3.90164070e-02  3.88644226e-02 -2.21304983e-01 -1.21085681e-01
  4.67265882e-02  8.28856230e-02 -1.84844911e-01  1.05960302e-01
  1.46517158e-01  7.83538669e-02 -1.52816577e-02 -5.17689213e-02
 -1.76212505e-01 -1.10517778e-01 -7.37838224e-02 -5.26687577e-02
 -5.62867150e-02 -3.97031307e-02  4.27798219e-02  1.02507666e-01
  5.81851304e-02 -1.56562969e-01  7.63449743e-02  1.32944763e-01
 -1.45265162e-01 -1.21130478e-02 -2.64432784e-02  1.44808769e-01
 -1.17595466e-02 -3.42060626e-03  9.82549489e-02  1.41308174e-01
  1.12482883e-01  4.70563248e-02 -2.27667708e-02  1.05606772e-01
 -9.26509053e-02  3.93734612e-02 -5.56584932e-02  7.58902868e-03
  2.93609258e-02 -1.92689970e-01  1.81075931e-01  1.23942792e-01
 -1.28504187e-01  7.46673197e-02  9.00296941e-02 -2.20895037e-02
  2.01568753e-02 -3.23375054e-02 -1.21290199e-02 -1.32734239e-01
 -1.65905252e-01  7.34113827e-02  2.54778173e-02 -1.59521863e-01
  9.99429077e-02  1.12223223e-01  2.37736359e-01  8.26825351e-02
 -1.26332119e-01 -1.40797421e-01 -3.98494527e-02  9.64551270e-02
 -7.32508749e-02  5.20798052e-03 -3.88741493e-02  1.47829041e-01
  5.33329360e-02  1.01353548e-01  1.70499429e-01  1.44682273e-01
  1.44338578e-01  2.86324859e-01 -5.31983152e-02  4.09148075e-02
  1.13026120e-01  4.58543003e-02 -1.31305695e-01  4.30916734e-02
  1.13255577e-03 -5.01740761e-02  1.63216330e-02  1.61882997e-01
 -1.13503233e-01 -2.24869736e-02  3.96513790e-02 -3.79016027e-02
  5.40478081e-02  8.94576162e-02  1.73396841e-01  1.23564228e-01
 -1.70292035e-01 -5.25228083e-02 -4.54065204e-02 -7.96275064e-02
 -1.54537195e-03 -1.39834076e-01 -1.12811998e-02  4.79817614e-02
  1.53493315e-01  1.04074571e-02 -9.47238058e-02 -2.40945011e-01
 -9.45626050e-02  5.22858426e-02 -9.90344882e-02  7.05188066e-02
  2.21516006e-02  5.14417887e-03  2.62816638e-01  1.71342626e-01
  4.06245627e-02 -1.06934555e-01  1.00436606e-01  6.15370944e-02
 -7.57270008e-02  1.70683011e-01  9.43214819e-02 -1.49988711e-01]"
-2,"kuvan käyttöön,kutsutaan unimodaalisiksi (Unimodal) malleiksi. Röntgenkuvien lisäksi mallille voidaan syöttää myös muita modaliteettejä, jotka ovat relevantteja ongelman kannalta. Esimerkiksi lääketieteellisten kuvien lisäksi voidaan käyttää potilaskertomuksia, mittaus- tai testi tuloksia, tai geneettisiä tietoja. Datafuusio käsittelee useiden modaliteet- tien yhdistelemistä (Baltrušaitis et al., 2019). Datafuusiomenetelmät voidaan karkeasti jakaa kolmeen luokkaan: aikaiseen , myöhäiseen ja keskivaiheen fuusioon. Mallille syötet- tävät modaliteetit ovat lähtökohtaisesti erillisiä ja rakenteellisesti toisistaan poikkeavia. Fuusiomenetelmien etuliite kuvaa arkkitehtuurissa fuusion vaiheen ajankohtaa suhteessa koneoppimisalgoritmiin tai -malliin. Aikaisella fuusiolla tarkoitetaan täten siis menetelmää, jossa modaliteetit yhdistetään yhtenäiseksi ennen mallille syöttämistä. Myöhäinen fuusio taas on menetelmä, jossa jokainen modaliteetti käsitellään erillisenä ja jokainen syötetään omaan malliin.",1006,104,251.5,"[-5.67044131e-02  3.55339982e-02 -3.62251028e-02 -1.36321768e-01
  8.81492496e-02 -1.94010306e-02 -9.91819203e-02  3.85969877e-02
 -5.64951226e-02  5.16039729e-02  1.52803600e-01 -2.52288114e-02
 -6.50682449e-02  1.58582002e-01 -6.42715245e-02 -4.47006412e-02
  1.36891725e-02  1.62099348e-03 -4.15233895e-02  9.58263054e-02
  1.98210645e-02  2.90816724e-02  3.15825641e-02 -6.23226985e-02
 -1.15967937e-01 -7.19007403e-02 -5.34132719e-02 -1.60229385e-01
 -1.15477815e-01 -1.21631123e-01 -9.11426321e-02  1.02666505e-01
 -1.28005156e-02 -6.56151921e-02 -1.41136602e-01 -1.05459373e-02
  3.11425067e-02  1.54534101e-01 -2.10112836e-02  1.06695905e-01
 -2.77986303e-02 -2.20186561e-02 -1.16298464e-03  7.21755698e-02
 -6.57223016e-02 -8.42759460e-02  1.13980994e-02 -7.63947815e-02
 -1.38620183e-01 -4.04289328e-02 -1.66040376e-01 -8.25231224e-02
 -2.04045624e-02  4.75594103e-02  8.69474784e-02 -1.32620260e-02
  1.09859742e-01 -1.53884917e-01 -7.21494183e-02 -2.04410255e-02
  3.71228382e-02  4.14544940e-02 -4.18742448e-02 -1.30362827e-02
  2.23599628e-01  1.77748539e-02  1.09099925e-01 -3.47400717e-02
  1.35090858e-01  1.17181346e-01 -7.11421296e-02  1.11369239e-02
 -7.20133036e-02  2.10583396e-02 -5.24546728e-02  1.10774077e-01
 -1.53259523e-02  7.23011568e-02  1.24385402e-01 -1.00955278e-01
  4.09838408e-02  2.27012429e-02  2.48829536e-02  2.66593639e-02
 -9.37055051e-02  1.62240744e-01 -9.46691334e-02  1.06266901e-01
 -1.41924322e-01 -1.18644331e-02  4.18888293e-02  1.04049621e-02
  7.07519380e-03  2.40982994e-02 -6.26292918e-03  1.10688433e-01
 -1.18651465e-02 -1.34149969e-01  1.57329485e-01  1.32068709e-01
 -1.29079506e-01 -3.32270786e-02 -1.40854657e-01  3.67954373e-02
  5.30169047e-02 -1.65438458e-01 -8.54971483e-02 -1.86226144e-01
  5.25883911e-03  4.95319739e-02  1.48260929e-02  7.35219717e-02
  3.74922976e-02 -3.22961584e-02  2.90378090e-02  6.86821938e-02
  4.29810584e-03  5.85386679e-02  6.26244694e-02  2.76146214e-02
  3.01747816e-03 -9.28135663e-02  1.44034594e-01 -6.12668954e-02
  2.98741966e-01 -6.79794475e-02 -1.11177921e-01  7.34146237e-02
  2.13333279e-01 -1.16757348e-01  2.03630209e-01  7.81406611e-02
 -1.41385831e-02  7.69954249e-02 -6.20731190e-02 -1.59027621e-01
  1.63338572e-01 -6.02824576e-02 -1.24906279e-01  2.38305479e-01
  8.96648765e-02  6.19505942e-02  1.36226252e-01  1.56131193e-01
 -2.68094614e-02  2.46504501e-01 -1.71636716e-01 -6.09357059e-02
  6.35300651e-02 -1.31161988e-01  1.71419322e-01 -1.94173958e-02
  1.21752098e-01  4.95456755e-02  7.24914595e-02 -5.10960538e-03
  1.14819311e-01 -8.95658508e-03 -1.26964524e-01  8.94335359e-02
 -1.31910950e-01  5.79529256e-02  1.35110691e-02  1.59844249e-01
 -1.04662493e-01 -4.28931266e-02  6.54300302e-02 -1.03346584e-02
  1.55119345e-01  1.35172978e-01  1.48949608e-01 -1.34355143e-01
 -6.78773597e-02 -1.08686417e-01 -9.92032140e-03 -8.90622959e-02
 -2.30236590e-01 -2.16439962e-02 -2.65497528e-02 -5.51164970e-02
  9.31296721e-02 -1.74652457e-01  5.22282682e-02  4.90119271e-02
 -6.66958317e-02 -1.90268070e-01 -2.48199496e-02  6.59041628e-02
 -7.38721862e-02  7.52374753e-02 -4.60416824e-02  6.70672059e-02
  1.09137669e-01  5.37390225e-02 -2.66405016e-01 -2.09935814e-01
  9.93252695e-02 -2.40726769e-02 -1.38672575e-01 -5.91024496e-02
 -1.77764192e-01 -4.83799390e-02 -3.58663080e-03 -4.69882973e-02
 -8.13556910e-02 -5.73599748e-02  2.20943578e-02 -5.69638833e-02
  1.90784093e-02  5.89507781e-02 -1.35894910e-01  5.22381067e-02
  2.88541634e-02 -4.89811078e-02  3.17902886e-04 -8.51115957e-03
 -2.70128906e-01 -5.08160442e-02  2.80660521e-02  9.44529325e-02
 -2.00789794e-02 -1.27086639e-01 -4.59502498e-03 -1.97384402e-01
 -3.27471852e-01  3.52309942e-02 -2.13505868e-02  1.98560338e-02
  1.61824003e-02  4.74412367e-03 -3.29211392e-02  4.95441929e-02
  4.30710874e-02  2.64290394e-03 -8.80862325e-02 -7.04363286e-02
 -1.14492811e-02 -1.98088698e-02 -1.13756359e-01  2.88702585e-02
 -7.91807920e-02 -1.67804703e-01 -3.76794115e-02  1.45274214e-03
 -2.88868770e-02  1.03564233e-01 -4.03787568e-02 -3.39297112e-03
 -4.72095888e-03  2.08585173e-01 -1.43415764e-01 -2.31921077e-01
  1.08777784e-01 -1.17682651e-01 -5.57718873e-02 -2.20855363e-02
 -9.84944031e-02  5.25193289e-02  2.51154397e-02  7.95445219e-02
  2.62967080e-01 -2.41629295e-02  7.56632462e-02 -3.77650978e-03
 -4.17238772e-02  1.59215391e-01  8.51794258e-02 -1.07315168e-01
  7.30411187e-02  1.93111766e-02 -7.26512894e-02  8.01028162e-02
  2.84485221e-02  8.61724000e-03  1.76978409e-02  8.54223687e-03
 -6.96833879e-02 -1.60909221e-02 -5.37126996e-02 -3.61413322e-02
 -3.61815654e-02 -6.38741106e-02  1.09351510e-02  1.64794981e-01
  7.09704310e-02 -7.40171596e-02  3.62006687e-02 -9.49975699e-02
 -7.75214583e-02  1.43772224e-02 -2.11517718e-02  1.37491554e-01
  5.13731129e-03  5.07756025e-02  7.22824633e-02 -5.54482676e-02
  6.58467859e-02  2.07687188e-02  3.41067091e-02  1.43500045e-04
 -9.32959989e-02 -7.41607696e-02  6.44969475e-03  1.03237461e-02
  8.03169236e-02 -1.98461309e-01  1.75779134e-01  1.90087795e-01
  1.27753049e-01  6.63643405e-02  4.93840724e-02 -2.52489328e-01
 -1.30092287e-02 -6.18305542e-02 -1.05329573e-01 -8.15174505e-02
 -1.59647390e-01  6.15688190e-02  1.20516375e-01 -2.10742667e-01
  1.20636612e-01  2.14811005e-02 -2.58497708e-02 -2.52672881e-02
 -9.33856741e-02 -2.75106318e-02 -1.14324063e-01  1.08206771e-01
  3.95218655e-02 -3.76253910e-02 -1.06895082e-01  1.53965473e-01
  4.44554500e-02  3.57494727e-02  1.48417696e-01  1.09053515e-01
  3.36696543e-02  1.66564167e-01 -7.35298991e-02  6.60827160e-02
  1.93454251e-01  1.99126035e-01 -4.58065458e-02  5.28291576e-02
  2.97568701e-02 -1.86723247e-02  5.90122864e-02  1.09552443e-01
 -2.65206099e-02 -7.64841214e-02  1.65166017e-02  1.41754076e-02
  5.65281957e-02 -5.74480882e-03  1.43209100e-01 -5.90190962e-02
 -5.14162369e-02  7.13414997e-02 -5.49810380e-02  9.54810064e-03
  1.41591519e-01 -9.67439860e-02 -9.02451724e-02  1.43022507e-01
  9.75834578e-02 -1.28193617e-01 -4.22317795e-02 -1.32195249e-01
 -2.70546917e-02  1.43513307e-01 -8.32895841e-03  2.84711365e-02
  4.14998755e-02 -5.01647107e-02 -1.86180640e-02  1.87876359e-01
  1.45364657e-01 -1.48193100e-02  5.44338450e-02 -8.49731825e-03
  4.19707298e-02  7.47363940e-02  1.33963838e-01  3.18907900e-04]"
-2,"Näiden tuloksia yhdistetään ennen lopullista päätöksentekoa. Keskivai- heen fuusiolla tarkoitetaan yhdistämistä, joka tapahtuu mallin sisällä. Kaikista näistä myös löytyy variaatioita, joissa esimerkiksi jokin modaliteetti käsitellään eri tavalla. Fuusiomenetelmän toimivuuteen vaikuttaa vahvasti ongelma, jota pyritään ratkaisemaan. Lisäksi siihen vaikuttaa datan määrä ja laatu. Aikaisen fuusion menetelmässä voidaan esimerkiksi hyödyntää valmiiksi koulutettuja malleja tai autoenkoodereita (Auto encoder) modaliteettien kuvaamiseksi yhtenäiseksi vektoriksi. Myöhäisen fuusion kohdalla taas voidaan hyödyntää unimodaaleja malleja, joiden koulutus ja käyttö eivät ole sidoksissa muihin modaliteetteihin. Myöhäisen fuusiota hyödyntävissä kokonaisuuksissa voidaan myös puuttuviin modaliteetteihin reagoida, koska yksikään osa ei ole suoraan riippuvainen muista modaliteeteistä. Keskivaiheen fuusio hyödyntää neuroverkkoja ja poiketen muista menetelmistä, se voidaan kouluttaa yhtenäisenä mallina ja takaisinvirtausalgoritmiä hyö- dyntäen aina tuloksesta alkuperäisiin syötteisiin asti. Neuroverkkojen hyödyntäminen vaatii enemmän dataa kuin muut menetelmät ja tekee siten mallin kouluttamisesta vaikem- paa.",1206,131,301.5,"[-7.43168816e-02  6.59482647e-03 -5.67789413e-02 -5.94963096e-02
 -2.05072947e-03 -4.62092161e-02 -5.94345592e-02  5.10315709e-02
  1.70689616e-02 -1.33823365e-01  1.15036130e-01  8.15397874e-02
  4.92484868e-02 -2.39720307e-02  3.26540135e-02 -1.60732064e-02
 -6.26851805e-04  9.44595411e-02 -2.17491090e-01 -1.06290504e-01
 -5.12078498e-03 -1.08125180e-01 -5.65293133e-02  1.67189073e-02
  3.29068452e-02  8.52916762e-03  1.01680811e-02 -1.43749148e-01
  2.90453434e-02 -1.07201070e-01  3.05841491e-02  2.97830611e-01
  4.11277562e-02  2.72778179e-02 -1.40498340e-01  1.74432136e-02
 -2.12991238e-02  2.61233244e-02 -1.23457715e-01 -7.58250579e-02
 -2.68524308e-02  1.05967283e-01  8.58306140e-02 -4.40841354e-02
  4.72105443e-02 -5.42781055e-02 -1.06770605e-01 -5.00377715e-02
 -2.24912241e-01 -2.27556393e-01 -1.57935977e-01  4.13233787e-02
 -4.27116975e-02 -8.31456855e-03  2.35772207e-01 -6.69420660e-02
  1.42136633e-01 -4.07947116e-02 -2.95809619e-02 -9.57594067e-02
  1.71496402e-02 -1.25561925e-02 -7.12256134e-02 -1.08880997e-01
  2.12957919e-01 -1.46545410e-01  2.28926480e-01  1.47899598e-01
  7.62135983e-02  2.41775379e-01 -1.79273099e-01  3.92260365e-02
 -6.14944845e-02 -5.62576279e-02 -5.60522079e-02  2.02636510e-01
  7.30107073e-03  6.56578764e-02  1.03969224e-01 -5.50418859e-03
 -1.53280366e-02  6.37369901e-02 -2.93669291e-03 -1.69143870e-01
 -3.63843367e-02  1.79203227e-01  2.44255438e-02  6.86017796e-02
  5.81455342e-02 -3.68609419e-03  4.95419987e-02 -4.98350337e-02
 -1.95086114e-02  1.00374758e-01  1.83208391e-01 -2.69460515e-03
  1.14846498e-01 -6.65832534e-02  2.52148718e-01  1.80559099e-01
 -8.60530064e-02  1.10395318e-02 -2.23214164e-01 -1.40558034e-01
  5.02530560e-02 -1.60609454e-01  1.13412842e-01  4.96768393e-02
 -6.71285540e-02 -7.54706189e-02 -2.16184109e-02  5.47196567e-02
  3.96829657e-02 -1.14308208e-01 -8.25816914e-02  1.60947502e-01
  1.11219428e-01  6.95434511e-02  2.27486879e-01  1.64742321e-01
 -6.56843632e-02 -7.17872195e-03  7.26187676e-02  1.52412862e-01
  1.55341759e-01 -1.74576014e-01 -1.29502118e-01 -1.46826327e-01
 -3.79370414e-02 -2.88505912e-01  1.66352153e-01 -1.67079084e-03
 -4.73792367e-02  1.12495653e-01  6.89833611e-02 -1.38385385e-01
  8.78173262e-02  4.90503572e-02 -5.24154529e-02  5.79155646e-02
  5.82091436e-02  7.26666376e-02  6.05571643e-02  3.04307621e-02
 -1.66899413e-01  2.37250119e-01 -1.61434412e-01 -5.88651001e-02
  1.38115823e-01  3.30771282e-02  2.61945538e-02  5.02867019e-03
  4.28430960e-02 -1.26437739e-01  1.11307979e-01  4.16981988e-02
  4.15048525e-02  5.20403497e-04 -2.10827559e-01  7.82952458e-02
 -1.76941559e-01  1.52033836e-01 -1.06594034e-01  9.39643085e-02
 -9.70853344e-02  5.21371178e-02 -2.42759734e-02  9.97209996e-02
  5.41549101e-02  1.05499208e-01  3.75633202e-02 -1.69745982e-01
  7.21418709e-02 -2.43130803e-01  8.93726498e-02 -7.38929436e-02
 -1.35662884e-01 -2.99907569e-02 -2.89460644e-02  3.89713049e-03
  2.23711729e-01 -1.65860847e-01  9.31429192e-02  3.40166166e-02
  5.25801554e-02 -1.05427861e-01 -9.90119353e-02 -6.31690100e-02
 -1.89081341e-01  1.68012660e-02 -8.09786469e-02 -6.04693517e-02
  1.03842914e-01  4.41808887e-02 -2.50611335e-01 -2.40966335e-01
  1.64617315e-01  1.43304422e-01 -5.27154170e-02 -6.20927755e-03
 -2.38402963e-01  2.09664237e-02 -9.01005510e-03 -1.74063221e-01
 -1.87516823e-01  3.95327695e-02  7.50118569e-02 -1.83531210e-01
 -8.99372846e-02  1.66880012e-01 -1.09217882e-01 -2.09966496e-01
 -6.80291355e-02 -9.43827108e-02 -9.38078910e-02  1.53265387e-01
 -2.32292295e-01 -5.60152195e-02  2.00041216e-02 -1.82956159e-01
  2.25139976e-01 -5.38541973e-02  2.44663239e-01 -1.72526196e-01
 -3.55737537e-01  9.05267373e-02 -2.96957716e-02  1.20155793e-02
 -1.53599709e-01  5.04550263e-02 -7.65146613e-02 -2.31093138e-01
  3.60861532e-02  6.25824928e-02 -9.47187543e-02 -1.48355931e-01
  1.43644691e-01  1.40526086e-01 -1.34279251e-01 -1.08479209e-01
  1.44330487e-01 -2.48570070e-02  1.75626844e-01 -1.93343341e-01
  1.18470497e-01  6.60470873e-02 -2.19141338e-02 -5.28770201e-02
 -5.08543197e-03  7.61627555e-02 -1.73190847e-01 -5.14984727e-02
  2.46975973e-01 -1.58996657e-02  2.12629698e-02 -1.76483959e-01
 -1.46703079e-01  2.03707248e-01  1.23546999e-02 -2.10745865e-03
  5.25069749e-03  1.06957205e-01 -1.83371007e-02  1.68956863e-03
 -1.29681751e-01  2.76877191e-02  7.39176422e-02  7.02122748e-02
 -1.31980907e-02  6.58093691e-02 -1.01613037e-01  3.25821899e-02
  5.04089296e-02 -8.07769895e-02 -1.82824880e-02 -8.57401639e-02
 -1.11186683e-01 -1.80757731e-01 -1.05909348e-01  4.70678955e-02
 -3.55496220e-02  7.71183595e-02 -1.58087641e-01  2.08677068e-01
  7.08687827e-02 -2.71694921e-02  3.00963581e-01 -4.34441864e-02
  6.99006915e-02 -4.67431918e-02 -1.52155191e-01  2.07397155e-04
  8.21528137e-02 -1.45894513e-01  1.73615828e-01  2.49056265e-01
 -1.10986859e-01  2.63145864e-02 -9.00712684e-02 -7.56374374e-02
  1.51694817e-02  8.24814364e-02  2.61750259e-03  5.68673462e-02
 -1.82235375e-01 -1.27993345e-01  7.50611722e-03  2.16221943e-01
  4.16102149e-02  4.37980071e-02  6.63812011e-02 -1.18124776e-01
  1.20710149e-01 -1.35137096e-01 -6.00018278e-02 -6.13513924e-02
 -9.15961266e-02  1.22999296e-01  1.12710446e-01 -9.90491435e-02
  4.85936180e-02 -1.34779781e-01 -1.39848545e-01  8.52568448e-02
  7.23037794e-02  3.89665216e-02 -1.95780501e-01 -4.29561511e-02
  1.66283268e-02  1.05210789e-01  1.79379527e-02  7.31738359e-02
  5.64548038e-02 -3.10814027e-02  2.60595381e-01  1.31523564e-01
 -2.55457573e-02  2.65814245e-01 -2.77795531e-02  4.38537598e-02
  2.37376854e-01  5.01775146e-02 -1.39071196e-01  1.08908914e-01
 -4.07688096e-02 -8.98292661e-03  1.26852125e-01  2.09522933e-01
 -2.81439312e-02 -1.20045699e-01  4.28053252e-02  7.41227120e-02
  2.54861135e-02  1.33725435e-01  3.89610790e-02 -1.32220760e-02
  4.52403985e-02  1.84692949e-01  5.92172984e-03  9.45803151e-02
  2.15081185e-01 -9.67883617e-02 -2.03749627e-01  1.19744450e-01
 -1.02715604e-02 -1.09636880e-01 -1.05156809e-01 -1.58523709e-01
 -1.62583932e-01  1.72210768e-01  1.63284913e-02  1.58370540e-01
 -1.47591665e-01  7.08282739e-02  1.72576994e-01 -1.45142600e-01
 -4.49644327e-02 -6.75041182e-03  1.92545578e-01 -5.51632643e-02
 -9.33003128e-02  2.44557500e-01  2.28938878e-01  7.39624798e-02]"
-2,"Tieteellisessä yhteisössä ei ole konsensusta siitä, mikä menetelmistä on tehokkain. Multimodaaliseen koneoppimiseen liittyvät keskeiset haasteet voidaan jakaa viiteen lu- okkaan (Baltrušaitis et al., 2019):1. Esittäminen (Representation) miten useat modaliteetit esitetään merkityksellisesti?2. Kääntäminen (Translation) miten data määritetään modaliteetista (A)-> (B)?3. Kohdistaminen (Alignment) mitkä osat yhdestä modaliteetista vastaavat suoraan toista?4. Fuusio (Fusion) miten modaliteetit yhdistetään?5. Yhteisoppiminen (Co-learning) miten tietoa voidaan jakaa eri modaliteettien välillä?",594,62,148.5,"[-3.96744572e-02 -3.78469378e-02  9.59981233e-02 -1.36114657e-01
 -1.84163690e-01 -8.01538453e-02 -1.58493310e-01  9.25833285e-02
 -2.29495242e-01 -4.22049090e-02  1.00533329e-01 -1.16420247e-01
 -5.59633821e-02  5.60342008e-03 -4.01321836e-02  3.73526593e-04
 -1.01835348e-01 -5.46031073e-02 -1.78557500e-01  3.52426693e-02
  2.19151855e-01 -5.53315170e-02 -4.10704613e-02  7.85787255e-02
 -4.27309982e-02 -4.16695280e-03 -2.16022823e-02 -6.26163408e-02
  1.65226713e-01 -2.51447588e-01  3.34742106e-02  2.20052287e-01
  1.05619347e-02 -4.05639149e-02 -1.21410817e-01  2.03241765e-01
 -4.34861053e-04  2.52108891e-02 -4.54998761e-02  1.87155262e-01
 -2.51683332e-02 -8.89805481e-02  1.86986923e-02 -3.06467246e-02
 -8.32285583e-02 -9.79511216e-02 -1.91171691e-02 -5.02486564e-02
 -3.84857148e-01 -2.27264002e-01 -2.94140339e-01 -9.43489186e-03
 -2.97581940e-03 -7.97163472e-02  1.32217044e-02 -3.96908820e-02
  3.62505019e-02  9.69180986e-02  2.06659604e-02 -9.86272842e-02
  1.94348931e-01  3.62707600e-02 -1.85207725e-01  1.79872319e-01
  3.15196306e-01  1.24580488e-01  3.29042077e-01 -4.27180994e-03
  4.79619987e-02  3.39391708e-01 -2.20580325e-01  5.89468656e-03
 -9.65118110e-02 -9.78992060e-02  1.01247095e-01  7.13371336e-02
 -2.80460268e-02  3.15112658e-02  2.57830232e-01 -1.22799292e-01
  5.00968881e-02  1.57256182e-02 -1.67588051e-02 -2.24517332e-03
 -1.44159675e-01  2.30914116e-01 -2.97699999e-02 -4.27255742e-02
 -5.04863784e-02 -1.21167541e-01 -4.44644876e-02 -7.19070435e-02
 -6.31845072e-02 -1.43447649e-02 -6.98654428e-02 -1.18197892e-02
 -1.16613070e-02 -1.48865581e-01  2.48103648e-01  3.61194760e-01
 -2.44825363e-01  5.48002198e-02 -9.36216265e-02 -1.13270447e-01
 -2.21569706e-02 -9.82532278e-02 -5.12086228e-02 -3.58554870e-01
  6.12379285e-03  1.66188061e-01 -6.74795546e-03  1.19818794e-02
  2.92749749e-03 -2.30656844e-03  8.86585936e-02 -7.82625079e-02
  2.06215426e-01 -1.47660464e-01  1.16252871e-02  1.69130981e-01
 -1.48071170e-01 -5.93078062e-02  1.92789361e-01  2.13344038e-01
  1.38518870e-01 -4.02095076e-03 -8.89022648e-02 -2.17224136e-01
  1.04584917e-01 -1.44119412e-01  3.83106589e-01  1.02773137e-01
 -2.07185119e-01  1.22280978e-01  1.96251571e-02 -1.28222080e-02
  9.86343473e-02 -1.83632299e-01 -6.69978559e-03  2.22513258e-01
 -4.82973680e-02  1.59288600e-01  2.76951402e-01  6.48858920e-02
  1.45249650e-01  1.74639151e-01  4.35213968e-02 -1.35919303e-01
  8.49355161e-02  5.50407358e-02  1.15847409e-01 -5.33392504e-02
  1.52672911e-02 -7.40907043e-02  1.88213900e-01  9.99309346e-02
  1.26226917e-01 -1.08625188e-01 -2.35891819e-01 -5.69005571e-02
 -2.07831889e-01  1.06759807e-02  7.01950714e-02 -2.11826898e-03
  1.34073365e-02  5.28952293e-03  9.35471989e-03 -1.68902710e-01
 -1.08361587e-01  1.85196772e-02  4.02630605e-02 -5.55134192e-02
  1.37270838e-01 -3.10966540e-02  1.82565078e-02 -3.05355880e-02
 -1.87723458e-01 -4.25599888e-02  5.06530888e-03  7.14466646e-02
  1.52836800e-01 -1.24606937e-01  2.08733261e-01  2.85478756e-02
 -9.50681418e-02 -1.65284544e-01 -7.75568709e-02  1.46267995e-01
 -2.46882439e-01  1.48655266e-01 -5.88122457e-02 -1.58947799e-03
  2.71564990e-01  2.01637194e-01 -3.04774165e-01  4.26408350e-02
  2.69927382e-01 -1.52505726e-01 -3.50781500e-01 -1.37498915e-01
 -2.22446710e-01  1.13561332e-01  2.00677719e-02 -3.17525417e-02
 -1.60683528e-01 -1.97088182e-01  8.25403780e-02 -7.70806298e-02
 -1.12092450e-01  1.70171440e-01 -1.29075885e-01 -1.35632381e-01
 -1.16650850e-01 -2.15730488e-01  9.71936211e-02 -4.49882932e-02
  1.85888615e-02  1.06318265e-01  5.38565814e-02 -3.65221426e-02
 -2.81745512e-02 -5.45499101e-03  2.32260063e-01 -8.60684589e-02
 -2.92562217e-01  8.63577724e-02 -2.43690833e-01  6.87443838e-02
  2.63383836e-02  1.94027901e-01 -1.01163633e-01 -2.50818133e-01
  2.93749362e-01 -2.11459417e-02 -5.14452122e-02  3.15911323e-02
  1.31846115e-01  3.78057570e-03 -3.56098600e-02 -5.50580807e-02
 -1.36997908e-01 -1.33320466e-02  3.57684121e-03  2.25284118e-02
 -1.36968583e-01  9.96750146e-02 -2.86512792e-01 -2.46538281e-01
 -8.65045339e-02  2.20133811e-01 -1.44463748e-01 -1.35224789e-01
  1.00358605e-01  2.96374466e-02  3.99339087e-02  1.10242471e-01
 -7.95234442e-02 -3.81557420e-02 -3.06929015e-02  2.41507009e-01
  1.92345113e-01  2.88796127e-02  1.02328770e-01  2.79498577e-01
 -3.61472480e-02  2.08539933e-01 -8.29297751e-02 -1.97984517e-01
  8.41844901e-02 -2.65144184e-02 -8.63878131e-02 -1.13997705e-01
 -3.22770849e-02  6.34242520e-02  3.53322923e-02 -4.19004411e-02
 -9.40459445e-02 -2.27595195e-01 -8.86615552e-03 -1.20276257e-01
  1.08880781e-01  2.84244400e-03  1.34316474e-01  1.78437337e-01
  6.48809224e-02 -3.61565761e-02  1.87431853e-02 -6.70921654e-02
 -1.67100757e-01 -9.73336771e-02 -2.44367756e-02  2.93564014e-02
 -5.49398661e-02 -8.53702333e-03  9.92118344e-02  2.31129676e-01
  1.01024903e-01 -1.80661410e-01 -9.29474160e-02  1.22576259e-01
 -2.40248814e-02 -1.15589676e-02 -1.79539360e-02  1.98752317e-03
  4.05628830e-02 -1.03479594e-01  1.22510791e-01  1.85553223e-01
 -9.55487601e-04  1.52171642e-01  2.03302830e-01 -2.11546659e-01
  1.51257753e-01 -8.11153203e-02 -8.97290409e-02 -1.89546406e-01
 -2.13435441e-01  2.22499222e-01  2.18151495e-01 -1.68397129e-01
  9.74584818e-02  1.32289231e-01 -6.62702098e-02  4.23061587e-02
  6.26237541e-02  3.89540158e-02 -1.62947625e-01 -3.20327915e-02
  4.14284766e-02  9.60011184e-02  1.78847581e-01  1.73332259e-01
  4.51072678e-03  8.69123936e-02 -4.64013368e-02  1.54564548e-02
  1.94152549e-01  1.59364447e-01 -6.65280446e-02  5.70392348e-02
  2.73935139e-01  6.99426755e-02 -1.26706704e-01  5.25548235e-02
 -1.34555221e-01 -1.13879286e-01 -3.78221460e-02 -6.49257377e-02
 -1.89634904e-01  1.21785410e-01 -1.10626161e-01  1.49607912e-01
 -1.46759063e-01  1.89177141e-01  5.35761900e-02  2.38249544e-02
 -1.81733012e-01  4.55510095e-02 -2.51102056e-02  1.36735529e-01
  1.08757049e-01 -7.02049956e-02 -1.56413883e-01  1.10388389e-02
  1.41291216e-01  5.31280115e-02 -1.16337851e-01 -7.85652399e-02
 -5.60552739e-02  1.79331809e-01 -1.08145237e-01  6.25785142e-02
  5.78346699e-02  3.33855897e-02  3.29100452e-02  2.43103340e-01
  6.27278090e-02  5.51526025e-02  8.09454173e-02 -1.34396389e-01
 -3.63145545e-02  1.58988699e-01  1.05554750e-02 -3.38803157e-02]"
-1,"Multimodaaliseen koneoppimiseen pohjautuvien mallien tehokkuuden arviointia vaikeut- taa ratkaisujen vahva riippuvuus käsiteltävästä ongelmasta ja saatavilla olevasta datasta. Monet tutkimukset käyttävät valmiiksi kerättyä dataa, joka ei ole julkisesti saatavilla. Multimodaalista koneoppimista täsmälääketieteessä tarkasteleva kirjallisuuskatsaus (Kline et al., 2022), osoitti usean modaliteetin nostavan mallien tarkkuutta keskimäärin 6.4% verrattaen yhden modaliteetin malleihin. Katsaukseen päätyneissä artikkeleissä suurimp- ina ongelmina nousivat pienet otoskoot, luokkien erisuuruus ja retrospektiivinen data. Lisäksi useat tutkimukset käyttivät vain yhden sairaanhoitopiirin dataa. Kliinisen vali- daation sekä mallien yleistyvyyden arviointiin ei siis tämän katsauksen perusteella pystytä. Huomioitavaa on kuitenkin multimodaalisten mallien tarkkuuden paraneminen verratten vain yhden modaliteetin hyödyntämiseen. Katsaukseen valituista papereissa lääketieteel- lisistä alueista neurologia ja syöpä olivat eniten edustettuina.",1035,108,258.75,"[-9.78103280e-02 -1.66151789e-03 -4.88536023e-02 -1.18484549e-01
 -1.39561296e-02 -4.92547043e-02 -1.25109896e-01  1.04862772e-01
 -2.57886034e-02 -1.73233747e-02  6.62390962e-02  1.29272014e-01
  4.73764129e-02  2.03097314e-02 -1.21207327e-01 -3.31132039e-02
  1.17738750e-02 -9.35503840e-02 -7.37564862e-02  7.46326223e-02
  4.70772050e-02 -1.05468698e-01  3.96213904e-02  1.62418224e-02
 -3.82664315e-02  8.06655642e-03 -1.50932826e-03 -1.02751859e-01
 -1.60578974e-02 -1.23934321e-01 -5.30321524e-03  1.60049304e-01
  1.20668955e-01 -7.29906708e-02 -1.23702928e-01  2.26354003e-02
  1.59186348e-02  9.13100094e-02  1.86173320e-02  7.01330975e-02
 -6.23886734e-02  4.85894009e-02  1.78508125e-02  1.43290516e-02
 -2.43346058e-02 -5.77069595e-02 -5.06411791e-02 -8.60443562e-02
 -2.44063348e-01 -1.64137974e-01 -1.37372434e-01 -1.07685126e-01
  2.49669440e-02 -9.08298641e-02  7.13613704e-02 -4.28466834e-02
  8.04851055e-02 -3.98135511e-03 -8.14042538e-02  8.39894712e-02
  9.04897451e-02  4.38088458e-03 -3.98585498e-02  3.78390178e-02
  3.03196073e-01  2.08327956e-02  1.65672734e-01 -2.47177593e-02
  2.20807120e-02  1.51699096e-01 -1.21134341e-01 -2.02822164e-02
 -4.88370359e-02 -4.92470711e-02  4.69118282e-02  6.38381764e-02
 -1.00954428e-01 -3.54001336e-02  2.50687838e-01 -3.97609882e-02
  1.89501762e-01  4.29463945e-02  6.47525042e-02  4.10456397e-02
 -1.55445084e-01 -1.20839886e-02  8.22495818e-02  2.96648629e-02
 -1.32560804e-02 -1.16216399e-01  5.04604727e-02  7.17055202e-02
 -8.09165090e-03 -5.30335158e-02  2.00917479e-02  1.06616847e-01
 -5.80805466e-02 -1.02401517e-01  3.34629528e-02  2.14732736e-01
 -1.69445202e-01  2.86140516e-02 -6.62550032e-02 -8.38790163e-02
  1.51887285e-02 -3.00933123e-02 -1.11341383e-02 -1.67798504e-01
 -7.02637136e-02  3.94474976e-02 -6.82798550e-02  2.83261370e-02
 -4.30784607e-03  6.89960718e-02  8.21266845e-02 -5.99527210e-02
  8.06002170e-02 -1.12493581e-03  2.19669603e-02  1.58495933e-01
 -6.98397309e-02 -9.36621279e-02  2.19507515e-01  3.50843072e-02
  2.26576686e-01 -4.51307073e-02 -1.27550855e-01 -6.87433109e-02
  5.80412336e-03 -2.21027568e-01  2.05257520e-01 -7.05802962e-02
 -1.45450711e-01  2.51485780e-03  1.42010525e-02 -6.42974377e-02
  1.00206532e-01 -4.21680883e-03  1.94430072e-02  2.06531242e-01
  1.35843325e-02  1.49852812e-01  2.23048240e-01  1.80220127e-01
  3.33874160e-03  2.47043237e-01 -4.39424030e-02  1.67867988e-02
  1.19262867e-01 -1.20625027e-01  1.94328725e-01 -7.45559856e-02
  1.12867981e-01 -1.06010884e-01  3.82945426e-02  4.59178500e-02
  6.78992867e-02 -5.37102632e-02 -1.15429297e-01  7.39294067e-02
 -1.60505995e-01 -5.35766035e-02 -3.43155451e-02 -3.68452743e-02
 -1.38211520e-02  4.97432910e-02  8.11351389e-02 -1.35108382e-01
  2.76813209e-02  1.79714188e-02  1.44174159e-01 -9.52019989e-02
 -7.35113323e-02 -5.29591516e-02  1.38362311e-02 -6.29872307e-02
 -2.13706568e-01  4.98010516e-02 -4.87166420e-02 -3.46027240e-02
  1.26824349e-01 -6.38937876e-02  4.19152081e-02  7.36359060e-02
 -3.61789241e-02 -5.81831373e-02 -1.36533771e-02  3.47716063e-02
 -1.50075004e-01  6.30426407e-02 -1.68204248e-01  2.73867454e-02
  2.40086496e-01  1.83191463e-01 -2.00661689e-01 -1.40527129e-01
  2.16545016e-01  2.92392913e-04 -8.77759904e-02 -8.58468413e-02
 -2.23321080e-01  1.69223938e-02 -1.14178061e-01 -1.48975462e-01
 -3.03067956e-02 -6.06727302e-02  1.77093688e-02 -1.24725036e-01
  2.84693018e-02  8.53577256e-02 -9.38586146e-02 -3.41382399e-02
 -6.33958578e-02 -7.42072687e-02  3.77936661e-02  2.27229446e-02
 -1.36753172e-01  1.01585664e-01  4.92132343e-02  4.36342554e-03
 -2.87279934e-02 -4.26150532e-03  1.13798000e-01 -1.30110890e-01
 -3.24674487e-01  1.69027019e-02 -8.67474377e-02  9.08297971e-02
  2.95142420e-02  9.12786722e-02 -9.75476429e-02 -1.58730328e-01
  2.07497895e-01  2.44277678e-02 -5.03295362e-02 -1.08301818e-01
  5.28593957e-02  1.07297577e-01 -8.94507580e-03 -8.85078833e-02
 -8.32359567e-02 -1.16019033e-01  8.29912946e-02 -1.18090315e-02
  4.86276485e-02  7.06363320e-02 -1.61388546e-01 -1.46166861e-01
 -3.58072594e-02  9.88229811e-02 -1.72654927e-01 -2.12217137e-01
 -2.02088747e-02 -1.04889333e-01  1.81141077e-04 -3.73795107e-02
 -3.29225957e-02  5.68552762e-02 -3.67724933e-02  1.75374597e-01
  1.11296542e-01 -2.30553048e-03  9.68874395e-02  1.26739323e-01
 -3.17571312e-02  5.39682135e-02 -1.47167459e-01 -1.65188625e-01
  5.44234365e-02  2.43782941e-02 -7.74723217e-02 -1.67487368e-01
  8.73495638e-02  7.77856410e-02  6.99411407e-02  2.48647630e-02
 -3.87025140e-02 -8.45120102e-02 -6.71288744e-03 -5.59090078e-02
  7.76982456e-02  5.01757190e-02 -2.75446810e-02  1.02332771e-01
  8.65553617e-02 -4.37872335e-02  6.37156367e-02  9.75633785e-03
 -5.06813899e-02 -4.88261953e-02  1.94227081e-02  8.94050375e-02
  5.64471409e-02 -7.99301825e-03 -2.94794030e-02  3.22753452e-02
  3.64225432e-02 -3.94896790e-02 -6.59260154e-02  4.83886898e-02
 -5.63485511e-02  4.10618819e-02  1.25062019e-02  1.54625131e-02
  4.02489267e-02 -1.23139642e-01  1.47935718e-01  9.97129977e-02
  1.82905868e-02 -8.39242246e-03  1.34255573e-01 -2.25670666e-01
  5.02177216e-02  4.92556877e-02 -3.56561206e-02 -1.23005748e-01
 -1.25337496e-01  7.81989172e-02  6.04536161e-02 -1.56859994e-01
  7.69154131e-02  4.95586507e-02  1.17083155e-01  1.49544999e-01
  5.11794016e-02  3.65972370e-02 -7.75770843e-02  5.17571419e-02
 -9.23063327e-03  4.86477502e-02  9.73944440e-02  7.15270787e-02
 -4.20199223e-02  4.91301827e-02  1.20600108e-02  6.60024956e-02
 -4.14211117e-02  2.00268403e-01 -9.55407545e-02  8.19465593e-02
  2.00597808e-01  9.28849131e-02 -1.07438356e-01 -2.77783275e-02
 -1.92859545e-02 -1.43900067e-02  7.55445585e-02  6.51893839e-02
 -2.13694811e-01  5.22303162e-03 -3.10948258e-03  5.19615598e-02
 -1.78620480e-02  9.78473946e-02  8.64047110e-02  6.80333152e-02
 -1.05941139e-01  1.05605006e-01 -6.93825409e-02  1.33672487e-02
  2.71505136e-02 -3.91599499e-02 -1.42855361e-01  1.15574203e-01
  7.20855743e-02 -3.08893323e-02 -8.65201578e-02 -1.32384852e-01
  2.03496055e-03  1.00965247e-01 -3.59386541e-02  5.28790615e-02
 -3.44564468e-02  2.52917316e-02  1.06545538e-01  1.45602018e-01
  4.20295820e-02 -3.72734889e-02 -8.97802599e-03  1.97498384e-03
 -3.00167408e-02  7.29301497e-02  6.83870167e-02 -7.90013075e-02]"
-1,"Sähköisten terveystiedot ja kuvantamisdata olivat eniten edustettu yhdistelmä modaliteettejä. Tekoälyn soveltaminen lääketieteellisessä kliinisessä kontekstissa on laaja ongelma. Mul- timodaalisen datan käyttöön pohjautuvat mallit ovat antaneet lupaavaa näyttöä mah- dollisesta tarkkuuden paranemisesta verrattaessa yhden modaliteetin malleihin. Koneop- pimiseen pohjautuvien järjestelmien läpinäkyvyydellä ja päätösten selitettävyydellä on merkittävä rooli, kun ajatellaan potentiaalista kliinistä käyttöä.",507,51,126.75,"[-4.57238108e-02  4.32105251e-02 -1.09240405e-01 -1.26078218e-01
  9.19367298e-02  7.71377310e-02 -1.05125539e-01  1.74149007e-01
  7.65930340e-02  1.32939905e-01  1.10149503e-01  6.77654743e-02
  5.71712526e-03  8.18619654e-02 -9.75483805e-02 -1.68279529e-01
  8.18318576e-02 -1.00506030e-01 -4.80950102e-02  1.47497237e-01
  6.20178021e-02  1.18631329e-02  2.02384099e-01 -1.37826502e-01
 -1.60249680e-01 -4.24918309e-02 -1.28621772e-01 -1.75394416e-01
 -7.32709393e-02 -2.32600987e-01  7.02175871e-02  1.02785043e-01
  7.71307424e-02 -3.63476053e-02 -1.89475521e-01 -1.11282490e-01
 -1.25282975e-02  1.87145010e-01 -1.23566672e-01 -2.43980270e-02
 -4.66409698e-02 -1.53568089e-01 -2.32239496e-02 -7.49430095e-04
 -5.22241369e-02 -4.42170054e-02 -6.00510202e-02 -3.94758917e-02
 -5.96681796e-02 -4.01428565e-02 -1.74351320e-01 -1.18592791e-01
  3.05232797e-02  2.33278289e-01  1.37856945e-01  5.96106127e-02
  2.22053584e-02 -1.15022324e-01 -2.15515152e-01  1.10403262e-01
  1.05550580e-01  1.95813756e-02 -2.43290737e-02  1.33960664e-01
  3.92528504e-01  1.03485867e-01  1.07299633e-01  2.63261646e-02
  1.09701686e-01 -4.87808213e-02 -8.99365991e-02 -6.16212860e-02
 -7.93305188e-02  5.33786509e-03 -3.22588012e-02  6.65221959e-02
 -1.62293911e-01  1.93261523e-02  2.61293292e-01 -7.96214938e-02
  2.42340744e-01  4.75546308e-02 -1.93000515e-03  1.93468258e-01
 -1.63243473e-01  1.18648611e-01  1.69773418e-02 -1.43737003e-01
 -1.98637620e-01 -8.02086294e-02  2.32809540e-02  5.73969446e-02
 -3.12135313e-02 -9.82316136e-02 -4.28892067e-03  1.77817978e-02
 -2.45826691e-01 -7.98387900e-02  2.16291055e-01  2.28634015e-01
 -1.86153680e-01 -9.24591869e-02 -1.18626140e-01 -4.93183769e-02
  1.88579604e-01 -1.35917306e-01  1.03790034e-02 -2.72216350e-01
  4.01604585e-02  8.78999531e-02  1.23665417e-02  5.39599396e-02
 -1.93274859e-02  5.79242921e-03  1.46113113e-01  3.03646494e-02
 -1.71227138e-02  5.01805469e-02  1.20846488e-01 -5.51254563e-02
 -3.01759765e-02 -1.28750712e-01  1.59929737e-01 -3.90708633e-02
  2.46971816e-01 -9.36738625e-02  7.29592796e-03 -7.38413408e-02
  1.32231295e-01 -1.43740878e-01  2.57798046e-01  6.99541019e-03
 -3.25418748e-02  1.32947704e-02 -1.92729626e-02 -2.66880870e-01
  2.38892406e-01 -8.31927657e-02 -1.09097295e-01  3.28708231e-01
  8.10514316e-02  1.48038715e-01  2.79620320e-01  9.66556370e-03
 -6.13672435e-02  3.39416176e-01 -1.03029333e-01 -2.13153914e-01
  8.24243799e-02 -1.31196603e-01  2.50812948e-01 -1.26698717e-01
  1.34477764e-01  2.06849743e-02  8.90700147e-02 -5.17653264e-02
  1.70408532e-01 -2.52649654e-02 -2.52651691e-01  3.88127342e-02
 -8.89429078e-02 -4.23270762e-02  2.83941068e-02  1.11723565e-01
 -5.85595928e-02 -1.29360884e-01 -9.78617296e-02 -1.95780605e-01
  1.58224076e-01  1.68996483e-01  1.13301598e-01 -1.77861750e-01
 -1.04268886e-01 -5.70775336e-03 -1.84564322e-01 -8.99137780e-02
 -1.98307455e-01  1.12079315e-01 -9.03094187e-02 -1.47793099e-01
  2.42267713e-01 -3.25544238e-01 -1.09695839e-02  3.75700630e-02
  2.55861934e-02 -1.89756215e-01 -1.06193304e-01  1.17210709e-01
 -1.43748149e-01  1.96777895e-01 -4.04297970e-02  1.44343019e-01
  1.73633054e-01  2.38668382e-01 -1.68875068e-01 -1.92757472e-01
  1.96601510e-01  6.99009746e-02 -1.80196479e-01 -5.39727882e-02
 -2.81867534e-01 -8.80379975e-02 -7.54812136e-02 -7.40889162e-02
 -2.01696709e-01 -1.43289015e-01  2.00709198e-02  1.64976269e-02
  1.13021890e-02  1.24281421e-01 -1.21918269e-01  1.54579654e-01
 -8.05557817e-02  4.55002591e-04 -9.35819969e-02 -1.14722792e-02
 -3.71562153e-01  2.58718673e-02 -3.23844585e-03  2.06839576e-01
 -2.80882828e-02 -7.18858317e-02  6.22307621e-02 -1.46117434e-01
 -4.12175953e-01  7.10481778e-02 -6.04564585e-02  1.09547928e-01
  1.83521863e-02  3.64268944e-02 -4.31759208e-02 -1.11029916e-01
  1.96448416e-01  1.14196166e-01 -6.98143169e-02 -5.29382490e-02
  3.20316851e-02 -5.07312976e-02 -7.10895434e-02 -7.00541213e-03
 -1.55239820e-01 -2.26331890e-01 -5.56250699e-02  3.35358568e-02
 -5.46660088e-02 -1.02673192e-03 -6.37611002e-02 -3.68593633e-02
 -8.17397162e-02  2.13682234e-01 -3.60729516e-01 -1.25330567e-01
  9.81615409e-02 -1.81801885e-01 -4.78445850e-02 -6.36148602e-02
 -1.36658221e-01 -1.50265843e-02 -8.40781257e-02  1.88664779e-01
  2.75859922e-01 -1.68710966e-02  1.05787195e-01 -1.67118646e-02
  5.59037551e-02  2.45358571e-01 -9.48933139e-02 -1.39414921e-01
  1.29263058e-01  5.77160828e-02 -1.43971875e-01 -4.02685590e-02
  1.15557790e-01 -8.25176984e-02  1.85183570e-01  4.60619330e-02
 -2.45713759e-02 -1.56331182e-01 -1.82982292e-02  8.03303346e-03
  1.30782668e-02 -5.85524365e-02 -4.47850674e-02  1.00866146e-01
  1.43080518e-01 -5.42166829e-02 -6.16001198e-03 -1.17447078e-01
 -8.51840675e-02  4.68213670e-02  1.17596328e-01 -1.19249867e-02
  3.13335694e-02  7.82498494e-02  4.31241021e-02 -8.85529891e-02
  1.95372641e-01 -3.34149897e-02  3.64253335e-02  5.06665930e-03
 -1.84070826e-01 -3.45674343e-02 -5.15238047e-02  1.57110423e-01
  1.24096572e-01 -1.42147407e-01  1.59659818e-01  9.87581983e-02
  4.69272621e-02  2.04043418e-01  8.29888210e-02 -4.85886484e-01
 -1.46508664e-01  6.82385787e-02 -1.85744137e-01 -2.52198670e-02
 -3.40554744e-01  9.60336402e-02 -3.67783494e-02 -1.26393035e-01
  1.38354421e-01  7.92706758e-02  1.64771616e-01 -4.96104956e-02
 -2.18237173e-02  2.58650053e-02 -1.24211341e-01  2.13526174e-01
 -2.65077483e-02 -1.04417145e-01 -5.81173077e-02  2.70618111e-01
 -2.81633791e-02  3.65627534e-03  2.55193561e-01  1.59799874e-01
 -5.09346314e-02  2.28291675e-01 -1.89027917e-02  2.91372351e-02
  3.20874453e-01  1.11256428e-01 -2.06452295e-01 -1.35232927e-02
  1.24994501e-01 -2.63546733e-03  1.90172657e-01  2.11705580e-01
  2.81603429e-02 -5.92782646e-02  2.94276699e-02  7.45405257e-02
  6.84686974e-02  1.63789630e-01  7.85637461e-03 -1.19231477e-01
  4.76857610e-02  4.66197543e-02 -6.47156537e-02  3.07257548e-02
  3.32600027e-02 -6.28120303e-02 -1.37474939e-01  9.99655351e-02
 -2.57652327e-02 -5.37549220e-02  2.07579192e-02 -4.74135950e-02
  1.42673412e-02  3.86443883e-02 -4.75455821e-02 -3.17572989e-02
  1.02078140e-01  1.95704237e-01 -6.04309142e-02  1.65931106e-01
  1.49771482e-01  1.74356680e-02  2.37318259e-02 -1.45049259e-01
  7.81569351e-03  1.03531525e-01  1.60933033e-01 -4.90415329e-03]"
